Transaction_ID,Date,Product,Region,Sales_Channel,Customer_Type,Quantity_Sold,Unit_Selling_Price,Unit_Cost,Discount_Rate,Discount_Amount,Revenue,Variable_Cost,Shipping_Cost,Other_Expense,Total_Cost,Profit,
TXN-0001,12/15/2025,Poultry Feed,North Central,Distributor,Distributor,87,85727.54,35322.71,0,0,7458296.19,3073076.07,117204.68,220218.53,3410499.29,4047796.91,
TXN-0002,9/15/2025,Beans,South East,Online,Restaurant,68,74948.71,42636.35,0.02,101930.25,4994582.27,2899272.05,51357.55,53401.44,3004031.04,1990551.23,
TXN-0003,2/28/2025,Tomatoes,North West,Retail,Individual,84,45234.74,21168.29,0.02,75994.36,3723723.78,1778136.53,94204.55,147075.64,2019416.72,1704307.05,
TXN-0004,5/11/2025,Rice,South South,Distributor,Retailer,43,83858.98,56530.71,0.02,72118.73,3533817.53,2430820.48,89817.84,37030.83,2557669.15,976148.38,
TXN-0005,12/6/2025,Maize,North West,Distributor,Individual,12,57837.17,36230.9,0,0,694046.02,434770.75,25333.3,13430.72,473534.77,220511.26,
TXN-0006,2/23/2025,Vegetable Oil,South West,Retail,Restaurant,94,50416.75,23399.82,0.05,236958.7,4502215.35,2199582.74,175995.56,89126.86,2464705.15,2037510.2,
TXN-0007,8/3/2025,Vegetable Oil,South West,Online,Distributor,84,49280.9,23624.85,0.02,82791.92,4056803.86,1984486.99,197202.1,114446.61,2296135.69,1760668.18,
TXN-0008,2/10/2025,Beans,North West,Retail,Retailer,75,75230.46,40733.49,0,0,5642284.54,3055011.6,59600.54,90080.61,3204692.75,2437591.8,
TXN-0009,6/12/2025,Eggs,South East,Wholesale,Restaurant,45,43590.24,20930.02,0,0,1961560.86,941850.94,27101.72,41437.09,1010389.74,951171.12,
TXN-0010,8/4/2025,Vegetable Oil,South West,Wholesale,Supermarket,39,46745.53,20335.67,0.02,36461.52,1786614.26,793091.11,72235.32,47949.72,913276.15,873338.11,
TXN-0011,12/25/2025,Poultry Feed,North Central,Distributor,Restaurant,46,91917.5,35685.94,0.05,211410.24,4016794.65,1641553.43,116546.53,108044.82,1866144.77,2150649.88,
TXN-0012,8/10/2025,Cassava,North Central,Wholesale,Supermarket,33,50992.11,27441.98,0,0,1682739.58,905585.4,27679.13,63760.57,997025.1,685714.48,
TXN-0013,3/3/2025,Beans,South West,Online,Individual,48,77242.52,46470.66,0,0,3707641,2230591.45,55182.74,76707.14,2362481.34,1345159.66,
TXN-0014,8/13/2025,Vegetable Oil,North West,Distributor,Retailer,81,50326.09,21294.69,0,0,4076413.54,1724869.76,108825.73,67926.23,1901621.72,2174791.82,
TXN-0015,8/22/2025,Tomatoes,North West,Online,Retailer,56,42885.76,24392.21,0.1,240160.25,2161442.29,1365963.97,43382.94,53857.64,1463204.55,698237.74,
TXN-0016,4/11/2025,Rice,North West,Retail,Retailer,6,93685.19,51772.47,0,0,562111.12,310634.8,26042.97,9660.92,346338.69,215772.43,
TXN-0017,2/22/2025,Maize,South West,Online,Individual,59,72489.1,39196.49,0.02,85537.13,4191319.6,2312592.88,103573.06,121419.07,2537585.01,1653734.59,
TXN-0018,8/28/2025,Vegetable Oil,south west,Retail,Supermarket,74,48806.21,25039.67,0,0,3611659.6,1852935.56,67934.02,113169.5,2034039.08,1577620.52,
TXN-0019,5/27/2025,Poultry Feed,North West,Retail,Retailer,37,101532.47,42383.74,0.05,187835.06,3568866.16,1568198.2,132146.57,114405.3,1814750.07,1754116.09,
TXN-0020,5/31/2025,Maize,South West,Distributor,Individual,20,75303,43769.39,0,0,1506059.97,875387.76,29630.36,19267.15,924285.27,581774.71,
TXN-0021,2/6/2025,Cassava,South South,Retail,Retailer,23,60928.93,39385.59,0.05,70068.27,1331297.19,905868.63,54842.82,38955.02,999666.47,331630.72,
TXN-0022,4/23/2025,Tomatoes,North Central,Online,Individual,93,51161.24,23441.01,0,0,4757995.06,2180013.63,152014.86,146340.97,2478369.46,2279625.6,
TXN-0023,6/18/2025,Eggs,North Central,Retail,Distributor,52,42258.67,19452.24,0.05,109872.54,2087578.2,1011516.59,75788.52,56467.44,1143772.54,943805.66,
TXN-0024,1/22/2025,Cassava,North West,Online,Distributor,55,60412.51,36930.79,0.05,166134.41,3156553.76,2031193.49,95029.58,86196.38,2212419.45,944134.3,
TXN-0025,11/13/2025,Eggs,South West,Wholesale,Retailer,21,39572.81,17511.94,0,0,831029.01,367750.7,37678.66,26951.57,432380.93,398648.08,
TXN-0026,10/7/2025,Beans,North West,Wholesale,Supermarket,64,72241.47,38221.24,0,0,4623454.03,2446159.04,203642.19,90192.77,2739994.01,1883460.03,
TXN-0027,1/18/2025,Eggs,South West,Online,Restaurant,71,39292.46,15937.83,0.02,55795.3,2733969.71,1131585.8,135610.79,38829.26,1306025.85,1427943.86,
TXN-0028,9/30/2025,Tomatoes,South South,Retail,Distributor,46,45311.31,24933.77,0.05,104216.01,1980104.1,1146953.36,92133.5,50176.38,1289263.23,690840.87,
TXN-0029,2/5/2025,Rice,South East,Distributor,Individual,91,81816.26,51098.93,0,0,7445280.07,4650003.06,274589.71,147748.46,5072341.23,2372938.84,
TXN-0030,3/4/2025,Maize,South South,Distributor,Restaurant,90,67421.73,34746.14,0,0,6067955.36,3127153.03,191039.24,120142.71,3438334.98,2629620.38,
TXN-0031,2/22/2025,Eggs,North West,Online,Individual,10,36766.89,16493.78,0,0,367668.92,164937.79,13051.22,11685.53,189674.53,177994.39,
TXN-0032,5/4/2025,Beans,South East,Retail,Supermarket,96,82285.76,43093.55,0,0,7899432.81,4136980.49,104548.35,180497.57,4422026.41,3477406.39,
TXN-0033,5/9/2025,Cassava,North Central,Retail,Restaurant,100,60565.73,37691.67,0.02,121131.46,5935441.65,3769166.92,125815.67,229380.83,4124363.42,1811078.22,
TXN-0034,7/11/2025,Poultry Feed,South West,Wholesale,Supermarket,80,98154.71,37716.82,0,0,7852376.56,3017345.83,185906.48,100148.99,3303401.3,4548975.26,
TXN-0035,4/4/2025,Poultry Feed,South South,Distributor,Individual,20,96399.56,40008.26,0,0,1927991.14,800165.11,32637.18,44373.78,877176.07,1050815.07,
TXN-0036,9/7/2025,Poultry Feed,South West,Distributor,Restaurant,56,87969.27,37600.66,0,0,4926278.87,2105636.7,218035.1,146610.04,2470281.84,2455997.03,
TXN-0037,1/16/2025,Cassava,North Central,Distributor,Retailer,96,57043.53,37198.68,0.02,109523.58,5366655.43,3571073.24,136993.52,157235.74,3865302.51,1501352.93,
TXN-0038,6/28/2025,Rice,South East,Distributor,Retailer,37,92846.25,53274.41,0,0,3435311.28,1971153.26,63840.33,73233.18,2108226.77,1327084.51,
TXN-0039,8/30/2025,Beans,South West,Retail,Distributor,30,73013.03,39044.81,0,0,2190390.82,1171344.23,65364.54,67434.93,1304143.7,886247.12,
TXN-0040,3/16/2025,Maize,South South,Distributor,Distributor,40,66409.59,40256.06,0.05,132819.19,2523564.55,1610242.56,125219.79,56473.67,1791936.01,731628.54,
TXN-0041,4/6/2025,Maize,North West,Online,Distributor,16,70607.08,42802.8,0.05,56485.66,1073227.56,684844.75,15159.29,39791.62,739795.65,333431.9,
TXN-0042,3/25/2025,Vegetable Oil,South East,Retail,Supermarket,23,51214.69,21691.7,0.05,58896.9,1119041.01,498909.07,15276.55,21910.16,536095.78,582945.23,
TXN-0043,8/11/2025,Vegetable Oil,South South,Wholesale,Distributor,73,45095.83,20613.62,0.02,65839.91,3226155.71,1504794.16,129352.65,108874.27,1743021.09,1483134.62,
TXN-0044,2/8/2025,Rice,North Central, wholesale ,Restaurant,9,94358.79,58508.39,0.02,16984.58,832244.52,526575.47,40568.66,25500.72,592644.84,239599.67,
TXN-0045,9/10/2025,Maize,South East,Wholesale,Restaurant,13,65600.89,39394.42,0,0,852811.62,512127.45,11422.14,33770.65,557320.24,295491.38,
TXN-0046,12/31/2025,Eggs,North West,Distributor,Retailer,49,39058.25,16921.97,0,0,1913854.11,829176.72,78632.37,51199.67,959008.76,954845.35,
TXN-0047,7/21/2025,Tomatoes,South South,Retail,Supermarket,49,41502.18,21216.53,0,0,2033606.96,1039609.93,30001.23,27506.14,1097117.29,936489.67,
TXN-0048,1/1/2025,Rice,South West,Retail,Retailer,67,86321.15,48072.8,0,0,5783517.26,3220877.64,158777.41,197005.55,3576660.6,2206856.66,
TXN-0049,6/9/2025,Beans,South West,Retail,Distributor,79,82654.28,43308.23,0.02,130593.76,6399094.12,3421350.04,83299.45,95899.79,3600549.28,2798544.85,
TXN-0050,1/14/2025,Rice,North West,Online,Supermarket,20,90730.71,60829.56,0.1,181461.42,1633152.82,1216591.23,20111.55,35660.96,1272363.74,360789.08,
TXN-0051,6/5/2025,Eggs,North West,Retail,Individual,94,39427.27,16508.6,0,0,3706163.69,1551808.09,90481.55,65964.14,1708253.79,1997909.9,
TXN-0052,5/25/2025,Tomatoes,North West,Wholesale,Distributor,96,46875.85,22164.61,0,0,4500081.35,2127802.17,214299.6,101248.1,2443349.87,2056731.48,
TXN-0053,10/30/2025,Beans,South South,Retail,Restaurant,9,61290.11,33046.42,0.05,27580.55,524030.44,297417.77,25934.81,7605,330957.58,193072.86,
TXN-0054,10/9/2025,Beans,North West,Online,Supermarket,53,72046.98,39664.96,0,0,3818489.87,2102242.86,79944.98,44642.98,2226830.82,1591659.05,
TXN-0055,7/16/2025,Vegetable Oil,South South,Online,Distributor,27,51542.28,26913.69,0.05,69582.08,1322059.46,726669.65,26300.95,31089.98,784060.58,537998.88,
TXN-0056,1/1/2025,Vegetable Oil,South South,Wholesale,Retailer,36,44610.21,20109.02,0,0,1605967.42,723924.85,48061.16,39003.04,810989.04,794978.38,
TXN-0057,11/2/2025,Tomatoes,South South,Wholesale,Distributor,98,45874.98,23109.91,0,0,4495747.96,2264770.98,50133.47,146804.68,2461709.13,2034038.83,
TXN-0058,3/7/2025,Beans,South East,Online,Individual,42,80192.37,45808.66,0.02,67361.59,3300718.05,1923963.56,45022.07,104936.13,2073921.77,1226796.29,
TXN-0059,6/15/2025,Rice,North West,Online,Restaurant,55,93662.31,61277.51,0,0,5151426.96,3370263.13,225033.17,170344.98,3765641.28,1385785.68,
TXN-0060,3/10/2025,Cassava,South South,Wholesale,Distributor,47,56930.29,30629.29,0,0,2675723.54,1439576.62,40461.85,38950.72,1518989.19,1156734.36,
TXN-0061,1/8/2025,Vegetable Oil,North Central,Distributor,Retailer,71,52553.45,25057.95,0.1,373129.49,3358165.39,1779114.71,114437.6,56133.32,1949685.63,1408479.76,
TXN-0062,1/5/2025,Beans,North West,Wholesale,Distributor,74,67977.16,37358.07,0,0,5030309.58,2764496.9,123598.7,126273.44,3014369.04,2015940.55,
TXN-0063,3/14/2025,Beans,North Central,Wholesale,Supermarket,67,76638.56,37791.99,0.05,256739.19,4878044.55,2532063.05,65271.55,136186.92,2733521.53,2144523.03,
TXN-0064,7/26/2025,Cassava,South West,Online,Restaurant,32,54658.05,32196.57,0.02,34981.15,1714076.45,1030290.4,19655.88,30121.65,1080067.92,634008.53,
TXN-0065,1/3/2025,Poultry Feed,South South,Wholesale,Individual,22,95900.83,40164.6,0,0,2109818.37,883621.12,43820.36,44978.22,972419.69,1137398.67,
TXN-0066,2/8/2025,Maize,North West,Retail,Restaurant,48,65345.09,36211.47,0,0,3136564.12,1738150.43,75917.94,92417.87,1906486.24,1230077.88,
TXN-0067,4/21/2025,Maize,South West,Distributor,Retailer,87,69901.97,38687.82,0.05,304073.56,5777397.63,3365840.19,198177.5,100125.74,3664143.43,2113254.2,
TXN-0068,12/31/2025,Tomatoes,North West,Online,Distributor,26,41690.88,20820.29,0,0,1083962.76,541327.56,47729.81,13697.63,602755,481207.76,
TXN-0069,4/5/2025,Vegetable Oil,North Central,Distributor,Supermarket,35,51947.79,27331.77,0,0,1818172.8,956611.95,47116.54,71061.67,1074790.16,743382.64,
TXN-0070,12/1/2025,Cassava,South East,Retail,Supermarket,66,58390.21,35121.29,0.02,77075.08,3776678.81,2318004.84,80062.43,124950.62,2523017.89,1253660.92,
TXN-0071,4/28/2025,Vegetable Oil,South East,Retail,Individual,16,48883.43,23800.44,0,0,782134.85,380806.97,26005.62,11443.32,418255.91,363878.94,
TXN-0072,11/29/2025,rice,South West,Retail,Restaurant,14,52710.87,31650.65,0,0,737952.2,443109.08,27586.77,9324.8,480020.65,257931.56,
TXN-0073,4/11/2025,Poultry Feed,North Central,Retail,Supermarket,98,96581.47,43288.51,0.02,189299.68,9275684.25,4242274.11,244328.31,352366.01,4838968.43,4436715.82,
TXN-0074,5/17/2025,Tomatoes,North Central,Wholesale,Retailer,44,51212.59,23716.65,0.05,112667.69,2140686.19,1043532.75,92301.33,69604.53,1205438.61,935247.57,
TXN-0075,10/13/2025,Cassava,South East,Retail,Supermarket,82,51845.42,29830.07,0.05,212566.23,4038758.38,2446066.04,103787.22,139329.02,2689182.28,1349576.1,
TXN-0076,4/14/2025,Poultry Feed,North West,Wholesale,Retailer,27,103395.04,43731.94,0,0,2791666.1,1180762.34,71632.15,72459.72,1324854.21,1466811.89,
TXN-0077,4/14/2025,Beans,North Central,Wholesale,Supermarket,11,82900.7,47938.66,0,0,911907.7,527325.23,41168.22,22672.5,591165.95,320741.76,
TXN-0078,8/19/2025,Vegetable Oil,South West,Online,Retailer,31,49249.81,20977.51,0.02,30534.88,1496209.2,650302.94,60594,54316.84,765213.77,730995.42,
TXN-0079,4/28/2025,Rice,South East,Retail,Individual,92,95544.67,58675.14,0,0,8790109.32,5398112.76,258906.51,195743.91,5852763.19,2937346.13,
TXN-0080,5/10/2025,Beans,North Central,Wholesale,Individual,40,81856.72,46380.05,0.05,163713.45,3110555.54,1855202.17,150435.77,63068.78,2068706.72,1041848.81,
TXN-0081,7/19/2025,Vegetable Oil,North West,Retail,Supermarket,16,52913.78,23128.12,0,0,846620.53,370049.93,17136.13,26908.03,414094.09,432526.44,
TXN-0082,12/22/2025,Tomatoes,South South,Distributor,Distributor,76,45371.81,24765.32,0,0,3448257.77,1882164.67,43988.95,42481.27,1968634.88,1479622.88,
TXN-0083,10/23/2025,Vegetable Oil,South South,Online,Retailer,50,42710.72,18787.55,0,0,2135536.1,939377.41,92895.03,42634.68,1074907.13,1060628.98,
TXN-0084,2/24/2025,Vegetable Oil,North Central,Wholesale,Retailer,57,49273.01,24990.35,0,0,2808561.53,1424449.95,65551.73,61634.05,1551635.74,1256925.79,
TXN-0085,3/31/2025,Rice,South South,Wholesale,Restaurant,95,97024,58920.98,0,0,9217280.1,5597493.15,258983.27,131122.36,5987598.79,3229681.32,
TXN-0086,1/25/2025,Eggs,South West,Wholesale,Retailer,53,40891.77,17316.89,0,0,2167263.67,917795.27,40110.05,55168.15,1013073.47,1154190.2,
TXN-0087,3/25/2025,Rice,North West,Wholesale,Individual,67,101738.83,62477.75,0.02,136330.03,6680171.6,4186009.56,84725.01,217097.65,4487832.22,2192339.37,
TXN-0088,7/30/2025,Tomatoes,North West,Wholesale,Retailer,49,44799.53,24787.72,0.02,43903.54,2151273.6,1214598.13,46815.56,67596.84,1329010.53,822263.07,
TXN-0089,7/13/2025,Maize,South West,Wholesale,Supermarket,67,61138.76,33813.69,0,0,4096296.87,2265517.18,164383.77,74425.85,2504326.8,1591970.07,
TXN-0090,6/11/2025,Tomatoes,North West,Retail,Individual,36,49757.5,26519.8,0,0,1791270,954712.7,33817.18,30330.22,1018860.1,772409.9,
TXN-0091,9/12/2025,Tomatoes,North Central,Retail,Distributor,71,45965.5,23961.31,0.02,65271.01,3198279.67,1701252.91,135007.7,126849.73,1963110.34,1235169.34,
TXN-0092,4/30/2025,Eggs,South East,Online,Individual,41,38914.8,16975.91,0,0,1595506.79,696012.46,21502.65,46265.27,763780.37,831726.42,
TXN-0093,5/31/2025,Rice,South South,Retail,Supermarket,40,95304.82,61149.31,0.05,190609.65,3621583.3,2445972.58,126720.83,72706.82,2645400.23,976183.07,
TXN-0094,7/14/2025,Poultry Feed,South West,Retail,Distributor,41,95178.82,40033.08,0,0,3902331.68,1641356.45,84987.44,150058.7,1876402.58,2025929.09,
TXN-0095,12/30/2025,Vegetable Oil,North Central,Online,Supermarket,91,49765.07,23255.34,0,0,4528621.01,2116236.13,93955.73,118871.89,2329063.75,2199557.26,
TXN-0096,10/8/2025,Beans,North West,Retail,Supermarket,8,62693.2,,0.02,10030.91,491514.65,302808.39,18346.94,17044.51,338199.84,153314.81,
TXN-0097,12/7/2025,Eggs,South East,Wholesale,Restaurant,21,36518.29,16259.73,0.02,15337.68,751546.41,341454.39,10719.42,10672.38,362846.19,388700.22,
TXN-0098,11/9/2025,Tomatoes,North West,Distributor,Restaurant,16,43834.85,22537.46,0.02,14027.15,687330.38,360599.42,29915.56,15211.61,405726.59,281603.79,
TXN-0099,5/2/2025,Vegetable Oil,North West,Wholesale,Supermarket,69,48069.43,23366.21,0,0,3316790.79,1612268.33,84816.39,61894.01,1758978.73,1557812.06,
TXN-0100,6/13/2025,Eggs,South East,Retail,Supermarket,58,40121.1,18524.05,0.05,116351.2,2210672.74,1074394.97,86885.81,36361.61,1197642.4,1013030.34,
TXN-0101,8/27/2025,Cassava,North West,Wholesale,Supermarket,85,53817.63,32655.64,0,0,4574498.34,2775729,186806.45,60373.99,3022909.44,1551588.91,
TXN-0102,10/23/2025,Rice,South East,Wholesale,Supermarket,46,79133.42,43994.8,0,0,3640137.27,2023760.95,36742,142078.13,2202581.08,1437556.19,
TXN-0103,12/20/2025,Vegetable Oil,North Central,Retail,Supermarket,53,43654.52,22820.19,0,0,2313689.59,1209469.81,40270.5,60750.61,1310490.93,1003198.66,
TXN-0104,12/5/2025,Eggs,South East,Distributor,Distributor,84,39757.33,16726.59,0,0,3339615.84,1405033.6,62946.34,132349.11,1600329.05,1739286.79,
TXN-0105,1/26/2025,Beans,North Central,Distributor,Retailer,27,74243.61,40915.62,0,0,2004577.6,1104721.69,29709.65,64007.59,1198438.92,806138.68,
TXN-0106,6/25/2025,Tomatoes,North Central,Wholesale,Distributor,86,50029.8,23207.75,0,0,4302563.16,1995866.85,132937.94,126221.71,2255026.5,2047536.65,
TXN-0107,6/8/2025,Vegetable Oil,North West,Wholesale,Distributor,7,52878.15,24233.57,0.02,7402.94,362744.09,169634.98,4575.75,7058.53,181269.26,181474.83,
TXN-0108,1/4/2025,Rice,South East,Retail,Restaurant,37,93261.62,58717.87,0,0,3450680,2172561.03,37874.77,124579.78,2335015.59,1115664.42,
TXN-0109,9/8/2025,Vegetable Oil,South South,Wholesale,Supermarket,43,41185.26,17625.78,0,0,1770966.04,757908.67,20372.96,43199.95,821481.59,949484.45,
TXN-0110,8/24/2025,Eggs,South South,Distributor,Retailer,88,38943,16342,0,0,3426984.04,1438095.94,82881.22,63800.74,1584777.9,1842206.14,
TXN-0111,5/26/2025,Cassava,North Central,Retail,Retailer,57,65723.36,38413.07,0,0,3746231.67,2189545.24,139306.96,61991.21,2390843.41,1355388.26,.
TXN-0112,10/20/2025,Maize,South East,Retail,Supermarket,66,62352.4,33153.61,0.1,411525.84,3703732.57,2188138.58,71359.33,141786.12,2401284.03,1302448.54,
TXN-0113,11/6/2025,Poultry Feed,South West,Wholesale,Restaurant,61,85243.75,32974.57,0.05,259993.44,4939875.28,2011449.07,118581.76,57970.82,2188001.65,2751873.63,
TXN-0114,8/3/2025,Poultry Feed,South South,Online,Restaurant,65,88650.66,36985.84,0,0,5762292.68,2404079.84,287270.06,212761.62,2904111.52,2858181.16,
TXN-0115,9/26/2025,Tomatoes,North Central,Wholesale,Retailer,72,43390.79,20309.76,0.05,156206.86,2967930.29,1462302.67,61210.6,41211.04,1564724.31,1403205.98,
TXN-0116,7/14/2025,Rice,South South,Online,Retailer,83,89339.11,55456.09,0,0,7415146.43,4602855.35,195301.08,157057.66,4955214.09,2459932.35,
TXN-0117,9/8/2025,Eggs,South East,Wholesale,Distributor,64,33312.22,16141.55,0.1,213198.23,1918784.07,1033059.51,23909.36,70011.04,1126979.9,791804.16,
TXN-0118,12/15/2025,Vegetable Oil,South South,Wholesale,Restaurant,44,47607.39,21451.8,0.05,104736.25,1989988.73,943879.27,83374.64,59209.24,1086463.15,903525.58,
TXN-0119,2/28/2025,Rice,South South,Distributor,Supermarket,49,93659.3,59789.4,0.02,91786.11,4497519.37,2929680.45,180389.5,66375.08,3176445.03,1321074.34,
TXN-0120,2/14/2025,Tomatoes,South South,Retail,Restaurant,14,50730.7,24541.22,0.05,35511.49,674718.35,343577.04,6777.41,18005.16,368359.62,306358.74,
TXN-0121,1/12/2025,Beans,North Central,Retail,Supermarket,21,67908.15,36616.68,0,0,1426071.18,768950.23,60960.52,19756.02,849666.77,576404.41,
TXN-0122,3/15/2025,Tomatoes,North West,Distributor,Individual,64,45995.68,25013.51,0.05,147186.16,2796537.07,1600864.83,47401.69,92637.03,1740903.56,1055633.51,
TXN-0123,8/7/2025,Cassava,North Central,Distributor,Retailer,14,53576.94,28698.25,0,0,750077.16,401775.46,33075.84,29781.4,464632.7,285444.46,
TXN-0124,10/12/2025,Poultry Feed,North West,Distributor,Individual,80,80837.78,30042.89,0,0,6467022.34,2403431.45,191072.88,214137.48,2808641.81,3658380.53,
TXN-0125,1/26/2025,Maize,North Central,Wholesale,Individual,85,61128.52,37862.83,0,0,5195923.95,3218340.58,223616.1,98469.17,3540425.84,1655498.11,
TXN-0126,5/10/2025,Eggs,South East,Retail,Supermarket,31,44436.38,21834.28,0,0,1377527.81,676862.66,54069.07,51362.14,782293.87,595233.95,
TXN-0127,3/25/2025,Beans,North West,Retail,Supermarket,5,75767.93,44100.64,0.02,7576.79,371262.86,220503.19,6688.06,13381.68,240572.94,130689.92,
TXN-0128,1/12/2025,Eggs,South West,Wholesale,Supermarket,76,36170.27,15052.85,0,0,2748940.34,1144016.67,44385.27,64904.71,1253306.65,1495633.69,
TXN-0129,7/18/2025,Maize,South West,Retail,Distributor,28,71771.02,42279.2,0.05,100479.43,1909109.19,1183817.67,55862.24,25809.72,1265489.62,643619.56,
TXN-0130,8/24/2025,Rice,North West,Wholesale,Retailer,64,76119.89,47573.48,0,0,4871672.95,3044702.54,204134.61,94076.19,3342913.34,1528759.61,
TXN-0131,7/28/2025,Beans,North Central,Retail,Restaurant,99,76635.18,43968.7,0.05,379344.15,7207538.85,4352901.37,346725.47,268369.53,4967996.38,2239542.47,
TXN-0132,8/2/2025,Tomatoes,South East,Retail,Individual,50,40975.16,21088.8,0.02,40975.16,2007782.91,1054440.06,76493.72,53787.42,1184721.2,823061.71,
TXN-0133,8/30/2025,Eggs,North West,Wholesale,Retailer,81,34163.58,16317.45,0,0,2767250.16,1321713.09,63325.17,108819.32,1493857.58,1273392.58,
TXN-0134,6/23/2025,Maize,South East,Distributor,Restaurant,48,63605.76,37629.71,0.02,61061.53,2992014.82,1806225.92,33700.4,113954.98,1953881.29,1038133.53,
TXN-0135,8/11/2025,Poultry Feed,South West,Distributor,Restaurant,96,98527.52,39506.11,0.05,472932.1,8985709.85,3792586.24,118652.65,331073.98,4242312.87,4743396.98,
TXN-0136,11/10/2025,Cassava,South East,Wholesale,Retailer,64,54584.27,29408.65,0,0,3493393.14,1882153.44,69463.08,51654.5,2003271.02,1490122.12,
TXN-0137,8/31/2025,Beans,North Central,Online,Individual,49,66108,39009.73,0.02,64785.84,3174506.07,1911476.53,95006.07,84635.21,2091117.82,1083388.25,
TXN-0138,7/30/2025,Maize,North Central,Online,Retailer,63,68254.23,36574.82,0.02,86000.33,4214016.4,2304213.92,54309.98,46015.27,2404539.16,1809477.24,
TXN-0139,11/28/2025,Rice,North Central,Online,Restaurant,65,86171.61,54405.61,0.02,112023.1,5489131.68,3536364.8,223456.82,138026.12,3897847.74,1591283.94,
TXN-0140,6/26/2025,Maize,South West,Wholesale,Restaurant,70,70273.22,42977.78,0.02,98382.51,4820743.07,3008444.72,239520.22,89259.12,3337224.06,1483519.01,
TXN-0141,9/25/2025,Beans,North West,Wholesale,Distributor,19,64810.92,38134.96,0,0,1231407.55,724564.17,41959.25,35681.53,802204.95,429202.6,
TXN-0142,11/30/2025,Vegetable Oil,South West,Wholesale,Distributor,45,43309.49,22276.29,0,0,1948926.98,1002432.91,59622.93,40492.86,1102548.7,846378.29,
TXN-0143,8/19/2025,Maize,North Central,Wholesale,Retailer,32,60629.51,36026.03,0,0,1940144.17,1152832.89,79427.42,27018.85,1259279.16,680865.01,
TXN-0144,10/30/2025,Beans,North Central,Online,Restaurant,97,65405.42,38910.89,0,0,6344325.55,3774356.2,126560.23,180904.32,4081820.75,2262504.81,
TXN-0145,11/9/2025,Rice,North Central,Retail,Retailer,41,78426.43,48496.63,0.05,160774.19,3054709.56,1988361.99,116737.02,71452.89,2176551.9,878157.66,
TXN-0146,7/26/2025,Poultry Feed,South West,Wholesale,Individual,82,88484.65,37046.76,0.05,362787.07,6892954.26,3037834.24,79777.27,94180.48,3211792,3681162.26,
TXN-0147,9/2/2025,Vegetable Oil,North Central,Retail,,82,47249.57,21940.96,0,0,3874464.64,1799158.88,145054.96,40764.77,1984978.6,1889486.03,
TXN-0148,11/2/2025,Rice,South South,Wholesale,Supermarket,54,78203.68,48345.37,0,0,4222998.66,2610650.24,64648.14,60415.36,2735713.74,1487284.92,
TXN-0149,8/22/2025,Maize,South East,Retail,Distributor,5,66528.75,35281.96,0,0,332643.76,176409.8,16144.49,5874.22,198428.51,134215.25,
TXN-0150,11/7/2025,Rice,South South,Wholesale,Restaurant,86,82557.85,54828.21,0.02,141999.5,6957975.69,4715225.87,78037.05,263905.31,5057168.23,1900807.46,
TXN-0151,10/16/2025,Vegetable Oil,South West,Online,Distributor,52,46378.89,20112.49,0.02,48234.05,2363468.22,1045849.7,118117.99,27053.11,1191020.79,1172447.42,
TXN-0152,6/10/2025,Rice,North West,Online,Retailer,81,86431.96,48443.61,0.02,140019.78,6860969.09,3923932.12,278607.73,259140.48,4461680.33,2399288.76,
TXN-0153,3/23/2025,Tomatoes,South South,Retail,Distributor,79,47883.57,23537.74,0.02,75656.04,3707146.18,1859481.24,85765.75,107159.74,2052406.73,1654739.45,
TXN-0154,7/18/2025,Maize,South West,Wholesale,Distributor,93,67554.31,39183.5,0,0,6282550.94,3644065.8,66511.37,173472.86,3884050.04,2398500.9,
TXN-0155,4/20/2025,Eggs,South West,Distributor,Retailer,7,42208.52,20690.46,0.05,14772.98,280686.66,144833.25,13071.43,9659.27,167563.94,113122.72,
TXN-0156,1/12/2025,Rice,North Central,Wholesale,Individual,19,84904.21,52686.47,0.02,32263.6,1580916.4,1001042.88,61054.42,40529.99,1102627.29,478289.11,
TXN-0157,4/17/2025,Beans,North Central,Distributor,Individual,19,75325.84,45723.59,0,0,1431190.9,868748.13,67806.16,29409.08,965963.37,465227.52,
TXN-0158,11/30/2025,Maize,South West,Retail,Individual,31,66904.55,38692,0.02,41480.82,2032560.11,1199451.89,27612.44,64084.74,1291149.07,741411.04,
TXN-0159,3/18/2025,Maize,North West,Retail,Supermarket,11,73411.06,39168.58,0,0,807521.63,430854.41,30978.02,10664.38,472496.81,335024.82,
TXN-0160,10/25/2025,Maize,South South,Wholesale,Retailer,48,55535.21,32831.87,0.1,266569.03,2399121.24,1575929.74,81724.8,82951.21,1740605.75,658515.49,
TXN-0161,8/8/2025,Vegetable Oil,North Central,Retail,Restaurant,92,46181.64,23602.94,0.05,212435.54,4036275.19,2171470.82,97422.99,69044.99,2337938.81,1698336.39,
TXN-0162,3/9/2025,Beans,North West,Distributor,Individual,43,81107.95,40924.63,0.02,69752.84,3417888.97,1759759.26,95942.56,94327.77,1950029.58,1467859.39,
TXN-0163,2/18/2025,Poultry Feed,South East,Online,Distributor,85,94422.09,37622.85,0,0,8025877.84,3197942.43,146451.78,233864.64,3578258.85,4447618.99,
TXN-0164,3/19/2025,Rice,South West,Retail,Retailer,6,88608.39,55560.76,0.02,10633.01,521017.34,333364.55,14436.7,12178.12,359979.36,161037.98,
TXN-0165,8/29/2025,Rice,North Central,Wholesale,Supermarket,72,86893.21,54264.11,0,0,6256311.08,3907016.07,82438,78640.25,4068094.32,2188216.76,
TXN-0166,6/13/2025,Rice,North Central,Retail,Supermarket,74,87604.33,48626.49,0,0,6482720.77,3598360.01,82359.74,220481.84,3901201.59,2581519.18,
TXN-0167,6/9/2025,Tomatoes,South West,Online,Restaurant,71,48044.48,23767.79,0,0,3411158.43,1687512.97,125460.63,135846.59,1948820.19,1462338.24,
TXN-0168,4/12/2025,Maize,South West,Distributor,Individual,12,72733.87,37947.2,0.1,87280.64,785525.79,455366.44,27806.36,25643.6,508816.39,276709.4,
TXN-0169,7/27/2025,Poultry Feed,North West,Wholesale,Individual,21,93116.21,42858.25,0,0,1955440.39,900023.2,49474.7,26583.96,976081.85,979358.54,
TXN-0170,4/14/2025,Tomatoes,North Central,Distributor,Individual,69,52896.56,27357.98,0.02,72997.26,3576865.63,1887700.3,48520.1,116813.68,2053034.08,1523831.55,
TXN-0171,9/29/2025,Rice,South West,Retail,Distributor,18,74643.61,43040.37,0,0,1343585.02,774726.62,33907.22,27395.23,836029.08,507555.94,
TXN-0172,11/27/2025,Rice,South East,Retail,Restaurant,72,86600.26,49159.9,0.05,311760.93,5923457.59,3539513.06,195376.34,159917.13,3894806.53,2028651.06,
TXN-0173,1/12/2025,Cassava,South South,Retail,Restaurant,49,54786.86,35276.85,0.05,134227.8,2550328.16,1728565.74,107718.25,85948.39,1922232.38,628095.78,
TXN-0174,1/14/2025,Cassava,North Central,Wholesale,Restaurant,95,58244.46,33413.98,0.1,553322.39,4979901.5,3174328.45,177478.13,172675.18,3524481.76,1455419.74,
TXN-0175,9/10/2025,Rice,South South,Online,Retailer,84,84883.12,48336.52,0,0,7130182.32,4060267.98,185003.43,102612.02,4347883.43,2782298.89,
TXN-0176,1/25/2025,Beans,North Central,Retail,Individual,36,67997.3,38487.6,0.05,122395.15,2325507.82,1385553.77,104750.66,42632.56,1532936.98,792570.84,
TXN-0177,6/9/2025,Poultry Feed,North Central,Wholesale,Individual,27,93900.01,35237.74,0.05,126765.01,2408535.28,951418.86,68383.17,28288.04,1048090.08,1360445.21,
TXN-0178,6/27/2025,Tomatoes,North Central,Distributor,Retailer,91,45294.73,21463.96,0,0,4121820.05,1953220.58,91220.02,53712.98,2098153.59,2023666.46,
TXN-0179,9/9/2025,Eggs,South West,Distributor,Retailer,56,33766.93,15563.74,0.05,94547.41,1796400.76,871569.48,70010.59,60651.54,1002231.6,794169.16,
TXN-0180,3/3/2025,Poultry Feed,South West,Wholesale,Supermarket,96,103240.32,39845.02,0,0,9911070.33,3825121.81,481211.12,173021.6,4479354.53,5431715.8,
TXN-0181,8/7/2025,Vegetable Oil,North West,Distributor,Distributor,14,48669.46,21532.92,0.02,13627.45,667745.05,301460.84,15318.08,23390.51,340169.43,327575.61,
TXN-0182,8/1/2025,Beans,North Central,Retail,Individual,85,65107.39,36480.23,0,0,5534128.42,3100819.8,242252.51,71625.33,3414697.64,2119430.79,
TXN-0183,7/15/2025,Maize,South South,Retail,Restaurant,97,64928.19,36945.79,0.05,314901.73,5983132.86,3583741.7,273329.78,231308.16,4088379.63,1894753.22,
TXN-0184,4/30/2025,Rice,North West,Distributor,Individual,52,89131.75,58853.24,0,0,4634851.14,3060368.49,213529.82,110514.89,3384413.2,1250437.94,
TXN-0185,9/4/2025,Tomatoes,South West,Online,Retailer,83,45981.67,23411.61,0.05,190823.94,3625654.9,1943163.6,51584.87,143750.9,2138499.37,1487155.53,
TXN-0186,4/11/2025,Poultry Feed,North Central,Retail,Supermarket,5,95871.17,36065.21,0,0,479355.85,180326.06,23133.74,15399.43,218859.23,260496.63,
TXN-0187,8/16/2025,Maize,North West,Distributor,Supermarket,32,61836.42,34813.16,0,0,1978765.45,1114021.02,85524.97,23866.65,1223412.64,755352.81,
TXN-0188,2/7/2025,Maize,North Central,Wholesale,Retailer,99,72771.2,39258.07,0.1,720434.84,6483913.58,3886549.24,237920.83,66867.5,4191337.57,2292576.01,
TXN-0189,11/20/2025,Cassava,South East,Distributor,Restaurant,66,56265.59,32101.34,0,0,3713528.76,2118688.65,107593.72,49830.72,2276113.09,1437415.67,
TXN-0190,6/30/2025,Beans,South South,Wholesale,Individual,15,69544.58,35220.96,0.02,20863.38,1022305.4,528314.43,14108.29,21754.44,564177.17,458128.23,
TXN-0191,5/4/2025,Vegetable Oil,North West,Retail,Individual,34,56748.77,28021.62,0,0,1929458.31,952735.12,20275.9,76739.31,1049750.32,879707.99,
TXN-0192,2/1/2025,Maize,North West,Online,Individual,51,65602.3,39803.76,0,0,3345717.23,2029991.68,146140.73,106576.89,2282709.3,1063007.93,
TXN-0193,5/31/2025,Poultry Feed,South West,Retail,Supermarket,93,112499.56,42028.63,0,0,10462459.24,3908662.33,159752.87,332490.65,4400905.85,6061553.39,
TXN-0194,2/19/2025,Tomatoes,North Central,Wholesale,Individual,81,46925.58,25543.3,0.02,76019.44,3724952.38,2069007.18,128427.49,49087.13,2246521.81,1478430.57,
TXN-0195,1/30/2025,Poultry Feed,South South,Distributor,Distributor,12,96169.59,35627.2,0,0,1154035.1,427526.43,45074.84,45877.86,518479.13,635555.97,
TXN-0196,8/12/2025,Eggs,South South,Distributor,Retailer,14,38977.77,18580.58,0.02,10913.78,534775.02,260128.06,20062.28,11368.14,291558.48,243216.54,
TXN-0197,3/27/2025,Rice,South South,Distributor,Individual,85,83818.39,54300.74,0.05,356228.14,6768334.62,4615562.51,251343.14,221242.91,5088148.57,1680186.05,
TXN-0198,3/11/2025,Poultry Feed,South South,Online,Individual,8,108125.1,48816.81,0.02,17300.02,847700.8,390534.45,21752.87,18970.4,431257.73,416443.07,
TXN-0199,12/25/2025,Eggs,North Central,Wholesale,Individual,64,39356.06,15947.32,0.02,50375.76,2468412.32,1020628.23,72173.7,72249.85,1165051.78,1303360.54,
TXN-0200,8/17/2025,Eggs,South West,Wholesale,Individual,28,38497.11,18312.84,0,0,1077919.08,512759.54,46352.65,26891.57,586003.76,491915.32,
TXN-0201,7/30/2025,Vegetable Oil,North Central,Retail,Restaurant,35,52081.25,24860.64,0,0,1822843.9,870122.36,27151.39,58449.8,955723.54,867120.36,
TXN-0202,5/26/2025,Rice,North West,Retail,Individual,51,101765.61,68475.7,0.02,103800.92,5086245.23,3492260.91,136565.29,147935.07,3776761.28,1309483.95,
TXN-0203,2/16/2025,Eggs,North Central,Wholesale,Individual,79,42207.25,20684.97,0,0,3334372.94,1634112.7,108773.91,131338.95,1874225.56,1460147.38,
TXN-0204,4/17/2025,Tomatoes,North Central,Distributor,Distributor,74,49747.73,24464.65,0.05,184066.58,3497265.11,1810383.97,71245.83,80051.36,1961681.17,1535583.94,
TXN-0205,3/10/2025,Tomatoes,South South,Retail,Retailer,25,48677.66,24964.42,0,0,1216941.38,624110.38,16092.91,38745.2,678948.49,537992.89,
TXN-0206,5/9/2025,Maize,South East,Retail,Retailer,58,67073.83,35358.65,0,0,3890281.86,2050801.7,182473.37,93996.26,2327271.33,1563010.52,
TXN-0207,12/30/2025,Beans,North Central,Retail,Supermarket,59,76118.46,39851.37,0,0,4490989.34,2351230.93,181327.87,105503.2,2638062.01,1852927.33,
TXN-0208,3/11/2025,Beans,North Central,Wholesale,Supermarket,88,80371.16,45171.61,0,0,7072662.42,3975101.64,159895.79,234499.3,4369496.72,2703165.7,
TXN-0209,5/7/2025,Vegetable Oil,North Central,Distributor,Supermarket,24,48533.31,25021.52,0,0,1164799.37,600516.42,50220.02,39173.82,689910.26,474889.12,
TXN-0210,11/9/2025,Vegetable Oil,South West,Online,Distributor,7,47579.69,21058.28,0,0,333057.86,147407.99,7443.16,12793.11,167644.26,165413.6,
TXN-0211,6/10/2025,Cassava,North Central,Retail,Restaurant,75,60446.15,36264.9,0.1,453346.1,4080114.92,2719867.76,77915.42,90249.43,2888032.61,1192082.31,
TXN-0212,6/18/2025,Tomatoes,South East,Wholesale,Restaurant,74,45172.74,25047.72,0,0,3342782.49,1853531.12,52275.72,100034.9,2005841.73,1336940.76,
TXN-0213,3/7/2025,Rice,North Central,Online,Supermarket,43,93532.6,51825.86,0,0,4021901.95,2228511.94,169950.07,95629.55,2494091.57,1527810.38,
TXN-0214,8/31/2025,Eggs,South East,Retail,Distributor,24,37536.81,17682.99,0.05,45044.17,855839.25,424391.84,9172.74,11799.98,445364.55,410474.7,
TXN-0215,8/2/2025,Poultry Feed,North Central,Retail,Distributor,44,101870.21,44918.03,0,0,4482289.3,1976393.54,56513.53,107207.13,2140114.2,2342175.1,
TXN-0216,2/13/2025,Eggs,South West,Wholesale,Individual,27,42856.3,18585.13,0.05,57856.01,1099264.18,501798.57,53401.23,17712.44,572912.24,526351.95,
TXN-0217,1/8/2025,Maize,North West,Distributor,Individual,89,63860.54,37831.32,0,0,5683587.91,3366987.52,260753.45,145532.34,3773273.31,1910314.6,
TXN-0218,9/25/2025,Cassava,North Central,Wholesale,Distributor,7,56279.63,30970.05,0,0,393957.42,216790.34,13364.81,4334.13,234489.27,159468.14,
TXN-0219,4/11/2025,Eggs,South East,Distributor,Distributor,,44311.65,21792.82,0.05,17724.66,336768.57,174342.55,4952.44,10841.22,190136.21,146632.36,
TXN-0220,1/16/2025,Poultry Feed,South South,Wholesale,Distributor,25,101178.53,40415.38,0.1,252946.31,2276516.82,1010384.53,111984.82,67576.17,1189945.52,1086571.31,
TXN-0221,10/10/2025,Eggs,South West,Retail,Individual,29,37917.33,15802.63,0,0,1099602.44,458276.41,53812.67,22107.74,534196.82,565405.62,
TXN-0222,5/14/2025,Rice,South East,Retail,Supermarket,70,98553.4,59944.49,0,0,6898738.12,4196114.5,205365.07,240403.62,4641883.19,2256854.92,
TXN-0223,10/13/2025,Cassava,North Central,Distributor,Restaurant,66,53829.06,31406.87,0.05,177635.91,3375082.3,2072853.59,133608.88,53116.41,2259578.89,1115503.41,
TXN-0224,10/6/2025,Tomatoes,South West,Wholesale,Distributor,15,45074.15,21935.55,0,0,676112.18,329033.19,26754.97,8918.13,364706.28,311405.89,
TXN-0225,9/5/2025,Tomatoes,North Central,Retail,Retailer,24,40434.68,22374.84,0,0,970432.43,536996.07,34659.26,29913.11,601568.44,368863.99,
TXN-0226,10/30/2025,Rice,North West,Retail,Supermarket,61,76697.72,48679.38,0.05,233928.05,4444632.97,2969442.47,199333.7,146592.63,3315368.8,1129264.18,
TXN-0227,9/9/2025,Tomatoes,South West,Retail,Retailer,10,44150.09,23033.74,0,0,441500.87,230337.37,12310.03,10512.47,253159.86,188341.02,
TXN-0228,11/24/2025,Cassava,North Central,Wholesale,Supermarket,88,47278.61,27593.25,0,0,4160517.88,2428205.6,202408.1,57513.41,2688127.11,1472390.76,
TXN-0229,3/24/2025,Rice,South South,Distributor,Supermarket,77,98877.4,67188.91,0.02,152271.2,7461288.82,5173546.07,241502.46,215236.87,5630285.4,1831003.42,
TXN-0230,10/2/2025,Rice,South South,Retail,Distributor,65,73012.85,42458.16,0,0,4745835.4,2759780.51,155126.32,87868.45,3002775.28,1743060.12,
TXN-0231,7/22/2025,Vegetable Oil,North Central,Retail,Retailer,72,44779.12,23062.88,0.05,161204.82,3062891.55,1660527.27,71109.07,61907.7,1793544.04,1269347.51,
TXN-0232,5/7/2025,Eggs,South West,Wholesale,Retailer,52,37663.85,17088.01,0.1,195852.02,1762668.15,888576.44,77959.01,45200.75,1011736.2,750931.94,
TXN-0233,10/31/2025,Beans,South East,Wholesale,Retailer,77,72991.54,41988.05,0.05,281017.41,5339330.87,3233079.9,241119.68,144979.76,3619179.34,1720151.53,
TXN-0234,12/9/2025,Beans,North West,Retail,Individual,50,74288.51,42118.39,0.05,185721.28,3528704.34,2105919.48,97869.32,99554.23,2303343.04,1225361.3,
TXN-0235,2/7/2025,Tomatoes,South West,Distributor,Individual,59,47851.72,22467.5,0,0,2823251.77,1325582.54,83304.79,83474.32,1492361.65,1330890.12,
TXN-0236,6/11/2025,Maize,South West,Online,Retailer,86,67084.25,38284.32,0,0,5769245.83,3292451.78,90005.8,105602.75,3488060.33,2281185.5,
TXN-0237,4/3/2025,Rice,South West,Distributor,Supermarket,52,89609.34,51420.87,0,0,4659685.88,2673885.2,47623.07,47668.22,2769176.49,1890509.39,
TXN-0238,5/16/2025,Vegetable Oil,North Central,Retail,Restaurant,43,55458.12,26775.64,0,0,2384699.28,1151352.69,51842.3,90505.57,1293700.56,1090998.73,
TXN-0239,12/10/2025,Rice,North Central,Wholesale,Distributor,55,89431.36,55805.16,0,0,4918724.74,3069283.9,182075.49,55805.92,3307165.31,1611559.43,
TXN-0240,11/29/2025,Tomatoes,South South,Retail,Individual,23,41974.63,23565.84,0.02,19308.33,946108.07,542014.4,32466.84,18242.08,592723.33,353384.75,
TXN-0241,3/31/2025,Beans,South South,Distributor,Retailer,95,70861.64,41185.13,0.05,336592.77,6395262.66,3912587.27,74327.98,231175.52,4218090.76,2177171.9,
TXN-0242,11/20/2025,Maize,North West,Wholesale,Restaurant,23,62872.03,36498.9,0.05,72302.83,1373753.8,839474.74,35950.57,26970.13,902395.44,471358.36,
TXN-0243,9/15/2025,Rice,South West,Distributor,Restaurant,55,82175.17,44948.33,0.02,90392.68,4429241.56,2472158.1,206099.16,125689.49,2803946.74,1625294.82,
TXN-0244,9/16/2025,Cassava,South East,Retail,Restaurant,97,47774.57,28592.3,0,0,4634133.72,2773453.53,48511.34,105014.23,2926979.1,1707154.63,
TXN-0245,8/23/2025,Tomatoes,South West,Wholesale,Restaurant,89,46725.32,22536.38,0,0,4158553.08,2005737.84,177441,49992.2,2233171.04,1925382.04,
TXN-0246,4/17/2025,Beans,North West,Distributor,Retailer,57,84941.02,48036.12,0,0,4841638.1,2738058.57,122830.35,113796.41,2974685.33,1866952.77,
TXN-0247,12/1/2025,Cassava,South East,Retail,Supermarket,52,48705.99,28095.9,0,0,2532711.5,1460986.8,65138.73,65279.06,1591404.59,941306.91,
TXN-0248,6/5/2025,Maize,North West,Retail,Retailer,69,74990.63,41526.4,0,0,5174353.66,2865321.64,130168.17,52785.19,3048275,2126078.66,
TXN-0249,5/6/2025,Poultry Feed,South West,Retail,Distributor,12,100862.47,39309.46,0.1,121034.96,1089314.64,471713.51,30675.17,33385.56,535774.24,553540.4,
TXN-0250,11/21/2025,Beans,North Central,Online,Supermarket,79,63470.65,32054.84,0,0,5014181.27,2532332.18,235794.35,112440.54,2880567.07,2133614.2,
TXN-0251,11/2/2025,Tomatoes,North West,Retail,Distributor,34,39621.06,21917.54,0,0,1347116.18,745196.3,33667.32,32627.41,811491.03,535625.15,
TXN-0252,7/15/2025,Vegetable Oil,South South,Wholesale,Distributor,81,49986.02,21914.24,0,0,4048867.82,1775053.21,197704.94,134447.38,2107205.54,1941662.28,
TXN-0253,6/14/2025,Beans,South West,Wholesale,Distributor,90,72587.29,43269.95,0,0,6532855.71,3894295.8,281387.07,204285.09,4379967.96,2152887.74,
TXN-0254,12/7/2025,Maize,North West,Retail,Individual,15,64368.21,35705.85,0.02,19310.46,946212.63,535587.78,14730.51,22066.92,572385.21,373827.42,
TXN-0255,12/20/2025,Poultry Feed,South West,Wholesale,Retailer,86,95274.92,40226.07,0.02,163872.87,8029770.65,3459442.07,144957.31,175483.67,3779883.05,4249887.61,
TXN-0256,1/5/2025,Cassava,South West,Wholesale,Supermarket,68,57123.16,34678.55,0,0,3884374.85,2358141.5,110077.97,43269.79,2511489.25,1372885.59,
TXN-0257,1/5/2025,Vegetable Oil,South East,Retail,Restaurant,16,53468.23,27943.9,0,0,855491.75,447102.44,11760.36,27922.08,486784.88,368706.87,
TXN-0258,7/2/2025,Vegetable Oil,North West,Retail,Retailer,66,51473.26,23843.38,0,0,3397235.33,1573662.86,100874.17,92806.93,1767343.97,1629891.37,
TXN-0259,8/7/2025,Tomatoes,North West,Distributor,Individual,11,48004.25,23067.69,0,0,528046.72,253744.55,23317.74,12237.22,289299.51,238747.21,
TXN-0260,8/13/2025,Rice,South South,Retail,Supermarket,63,75574.49,51248.36,0,0,4761193.1,3228646.49,187406.23,156537.99,3572590.71,1188602.39,
TXN-0261,12/15/2025,Vegetable Oil,North Central,Online,Restaurant,46,48223.13,23651.32,0.05,110913.19,2107350.63,1087960.94,49177.75,67417.38,1204556.07,902794.56,
TXN-0262,2/26/2025,Vegetable Oil,South East,Online,Restaurant,12,55856.97,24123.74,0,0,670283.66,289484.9,7886.88,13575.57,310947.35,359336.32,
TXN-0263,1/1/2025,Beans,North Central,Retail,Distributor,64,75722.98,44463.44,0.05,242313.55,4603957.39,2845659.94,159039.86,58277.54,3062977.35,1540980.04,
TXN-0264,10/17/2025,Rice,North Central,Wholesale,Supermarket,76,73680.01,48322.54,0.05,279984.04,5319696.74,3672513.02,68585.04,205624.67,3946722.73,1372974.02,
TXN-0265,12/24/2025,Tomatoes,North West,Retail,Restaurant,20,43876.17,20806.54,0.02,17550.47,859972.84,416130.75,31538.8,14046.26,461715.8,398257.04,
TXN-0266,10/22/2025,Maize,North West,Retail,Supermarket,97,61991.76,38302.76,0,0,6013200.68,3715368.15,112873.54,66205.79,3894447.48,2118753.2,
TXN-0267,2/22/2025,Tomatoes,North West,Distributor,Retailer,59,47764.87,24312.58,0.02,56362.54,2761764.54,1434442.5,96637.88,33564.48,1564644.86,1197119.68,
TXN-0268,1/14/2025,Eggs,North West,Retail,Distributor,28,37163.77,16789.31,0,0,1040585.64,470100.8,48565.87,32902.96,551569.63,489016.01,
TXN-0269,4/29/2025,Cassava,North Central,Online,Restaurant,79,57873.98,33631.9,0,0,4572044.33,2656919.92,80292.33,153120.05,2890332.29,1681712.04,
TXN-0270,4/6/2025,Maize,South West,Online,Restaurant,12,64637.63,35026.79,0.02,15513.03,760138.55,420321.5,17217.75,9924.96,447464.21,312674.34,
TXN-0271,4/17/2025,Rice,North West,Distributor,Individual,72,98940.8,66018.38,0,0,7123737.61,4753323.61,330525.22,151874.82,5235723.66,1888013.95,
TXN-0272,6/28/2025,Cassava,North Central,Distributor,Restaurant,33,57058.7,34892.42,0.02,37658.74,1845278.43,1151449.92,18774.84,27695.03,1197919.79,647358.64,
TXN-0273,8/23/2025,Beans,South West,Online,Individual,15,76733.88,44456,0,0,1151008.23,666840.06,16361.12,38506.65,721707.83,429300.4,
TXN-0274,10/20/2025,Cassava,North Central,Wholesale,Individual,45,51368.79,27875.23,0.02,46231.91,2265363.79,1254385.17,92497.58,22849.45,1369732.2,895631.59,
TXN-0275,1/13/2025,Poultry Feed,North West,Distributor,Restaurant,20,94452.07,42500.23,0.02,37780.83,1851260.59,850004.63,66476.04,62734.07,979214.74,872045.84,
TXN-0276,6/22/2025,Poultry Feed,North Central,Wholesale,Individual,22,105461.03,48475.4,0,0,2320142.61,1066458.85,86512.91,55786.96,1208758.72,1111383.9,
TXN-0277,12/22/2025,Rice,North Central,Retail,Distributor,61,88508.41,57731.11,0,0,5399013,3521597.43,75557.42,165432.96,3762587.81,1636425.2,
TXN-0278,6/14/2025,Beans,South South,Distributor,Retailer,18,75084.31,41560.74,0,0,1351517.63,748093.28,42218.04,37645.1,827956.42,523561.21,
TXN-0279,1/29/2025,Eggs,North West,Online,Individual,94,40109.32,17121.65,0.05,188513.81,3581762.39,1609434.85,146554.47,91832.38,1847821.7,1733940.69,
TXN-0280,10/10/2025,Maize,South West,Retail,Retailer,38,57189.6,32367.64,0,0,2173204.83,1229970.42,51444.43,69913.73,1351328.57,821876.25,
TXN-0281,9/1/2025,Poultry Feed,South West,Wholesale,Supermarket,81,98572.06,44147.31,0,0,7984336.5,3575932.18,366819.77,267442.96,4210194.91,3774141.59,
TXN-0282,2/14/2025,Rice,North West,Retail,Supermarket,33,85363.2,49445.5,0,0,2816985.64,1631701.57,112391.46,68211.32,1812304.35,1004681.29,
TXN-0283,1/4/2025,Maize,South South,Online,Distributor,60,72687.26,42149.6,0.1,436123.58,3925112.19,2528975.71,51121.45,82311.26,2662408.43,1262703.76,
TXN-0284,3/31/2025,Tomatoes,North Central,Retail,Restaurant,29,51787.36,27124.01,0,0,1501833.35,786596.24,63745.24,43671.27,894012.75,607820.6,
TXN-0285,12/17/2025,Poultry Feed,South West,Retail,Retailer,51,100638.94,39897.57,0,0,5132586.03,2034775.83,234074.9,160299.08,2429149.82,2703436.22,
TXN-0286,10/9/2025,Maize,North Central,Retail,Individual,79,55548.98,31298.29,0,0,4388369.68,2472565.21,177481.17,90523.43,2740569.82,1647799.87,
TXN-0287,10/4/2025,Maize,South South,Distributor,Restaurant,82,61553.06,34816.09,0,0,5047351.13,2854919.7,83937.4,117937.66,3056794.77,1990556.36,
TXN-0288,8/23/2025,Cassava,South West,Retail,Supermarket,81,54143.58,31388.4,0.02,87712.59,4297917.13,2542460.49,61699.75,125052.88,2729213.12,1568704.01,
TXN-0289,2/17/2025,Cassava,North West,Online,Retailer,80,55593.16,32559.99,0.02,88949.05,4358503.59,2604799.44,56326.09,124959.6,2786085.12,1572418.47,
TXN-0290,9/17/2025,Maize,South East,Distributor,Distributor,21,67273.94,38812.91,0.1,141275.26,1271477.38,815071.04,51230.89,18881.62,885183.54,386293.83,
TXN-0291,12/18/2025,Eggs,North West,Retail,Supermarket,43,39262.32,19280.02,0.05,84413.99,1603865.82,829040.96,70904.15,45055.68,945000.79,658865.02,
TXN-0292,3/15/2025,Beans,South East,Wholesale,Individual,46,83220.56,41483.3,0.05,191407.28,3636738.38,1908231.81,62244.69,92520.47,2062996.97,1573741.41,
TXN-0293,4/1/2025,Eggs,North West,Retail,Distributor,71,45100.03,17861.59,0.05,160105.1,3041996.89,1268172.75,49135.19,120775.16,1438083.1,1603913.79,
TXN-0294,5/9/2025,Maize,North Central,Distributor,Retailer,71,69398.5,42100.2,0.05,246364.66,4680928.55,2989113.9,224858.44,127853.37,3341825.71,1339102.84,
TXN-0295,1/17/2025,Vegetable Oil,South East,Retail,Individual,57,47602.35,23407.99,0,0,2713334.13,1334255.58,47927.57,101878.03,1484061.18,1229272.96,
TXN-0296,12/9/2025,Cassava,South West,Retail,Retailer,9,48956.36,26981.28,0.05,22030.36,418576.87,242831.54,8915.33,16120.98,267867.85,150709.02,
TXN-0297,9/13/2025,Beans,North West,Wholesale,Supermarket,80,71820.13,37892.56,0,0,5745610.76,3031404.44,262940.82,220595.23,3514940.49,2230670.28,
TXN-0298,5/13/2025,Eggs,North West,Distributor,Restaurant,88,41425.38,17243.87,0.02,72908.67,3572524.69,1517460.23,62324.25,71260.94,1651045.42,1921479.27,
TXN-0299,2/15/2025,Poultry Feed,North Central,Retail,Individual,19,108274.85,44620.52,0,0,2057222.19,847789.95,88604.29,23512.48,959906.73,1097315.47,
TXN-0300,1/24/2025,Cassava,North West,Distributor,Restaurant,61,55696.23,29741.41,0,0,3397470.04,1814226.01,160497.84,73911.01,2048634.86,1348835.18,
TXN-0301,11/14/2025,Beans,South West,Wholesale,Individual,58,66504.77,38698.42,0,0,3857276.49,2244508.31,69983.09,39740.43,2354231.84,1503044.65,
TXN-0302,1/3/2025,Cassava,South South,Retail,Individual,96,54010.93,33734.56,0.02,103700.99,5081348.29,3238517.82,135355.72,166526.29,3540399.83,1540948.46,
TXN-0303,11/2/2025,Maize,South South,Distributor,Supermarket,55,57854.34,32267.22,0.05,159099.44,,1774697.23,127770.71,119542.43,2022010.37,1000879.03,
TXN-0304,1/22/2025,Eggs,North West,Wholesale,Retailer,20,35556.26,15996.95,0.02,14222.51,696902.78,319938.96,11633.3,23289.76,354862.02,342040.76,
TXN-0305,5/19/2025,Rice,South West,Wholesale,Retailer,72,100872.37,63733.84,0,0,7262810.95,4588836.83,235341.71,242737.35,5066915.89,2195895.06,
TXN-0306,8/5/2025,Poultry Feed,North Central,Online,Restaurant,19,96933.32,39961.98,0.05,92086.65,1749646.39,759277.6,66108.32,55760.24,881146.15,868500.23,
TXN-0307,11/9/2025,Vegetable Oil,North West,Distributor,Distributor,77,44186.1,20230.18,0.1,340232.96,3062096.64,1557724.16,135532.96,95032.46,1788289.58,1273807.06,
TXN-0308,6/24/2025,Cassava,North West,Wholesale,Retailer,71,58143.8,34588.63,0,0,4128210.14,2455792.91,190982.93,43271.3,2690047.14,1438163,
TXN-0309,3/19/2025,Tomatoes,South East,Online,Distributor,8,49647.65,25564.79,0.02,7943.62,389237.56,204518.3,12211.01,10206.6,226935.92,162301.64,
TXN-0310,7/12/2025,Beans,North West,Wholesale,Distributor,68,76527.51,46692.8,0,0,5203871.02,3175110.41,235077.8,178303.87,3588492.09,1615378.93,
TXN-0311,5/31/2025,Poultry Feed,North West,Distributor,Retailer,76,98543.85,42111.57,0.02,149786.64,7339545.6,3200479.01,317899.32,272903.47,3791281.8,3548263.8,
TXN-0312,11/24/2025,Maize,North Central,Wholesale,Distributor,79,57973.08,32634.63,0.05,228993.67,4350879.79,2578135.51,118437.95,158108.95,2854682.41,1496197.38,
TXN-0313,4/28/2025,Beans,North West,Wholesale,Restaurant,23,82076.32,41176.38,0,0,1887755.29,947056.79,47680.25,74493.63,1069230.66,818524.62,
TXN-0314,7/1/2025,Cassava,South East,Retail,Supermarket,58,57212.13,37687.22,0,0,3318303.52,2185858.63,158120.14,124243.7,2468222.47,850081.05,
TXN-0315,8/6/2025,Eggs,North West,Online,Restaurant,10,37558.24,18513.09,0.02,7511.65,368070.72,185130.86,6475.33,10109.25,201715.43,166355.3,
TXN-0316,8/7/2025,Rice,South West,Retail,Supermarket,14,83506.01,53991.48,0.02,23381.68,1145702.48,755880.73,36644.44,35165.47,827690.63,318011.85,
TXN-0317,10/22/2025,Maize,North Central,Online,Individual,95,60163.28,36048.86,0,0,5715511.79,3424641.83,78209.98,152040.45,3654892.26,2060619.53,
TXN-0318,10/17/2025,Beans,South East,Wholesale,Supermarket,14,66911.49,38514.08,0.02,18735.22,918025.7,539197.06,28486.57,16052.35,583735.98,334289.73,
TXN-0319,3/6/2025,Maize,North Central,Wholesale,Distributor,83,66905.09,42165.17,0,0,5553122.4,3499709.26,227078.51,159686.38,3886474.15,1666648.25,
TXN-0320,1/25/2025,Vegetable Oil,North Central,Distributor,Distributor,72,53148.16,25491.67,0.05,191333.39,3635334.45,1835400.59,68414.62,115501.04,2019316.25,1616018.21,
TXN-0321,4/16/2025,Vegetable Oil,South East,Retail,Retailer,78,47779.06,22369.5,0,0,3726766.77,1744821.31,148829.82,139516.95,2033168.08,1693598.69,
TXN-0322,9/28/2025,Cassava,South East,Wholesale,Supermarket,30,57293.96,31984.39,0,0,1718818.81,959531.8,63298.98,53328.12,1076158.9,642659.91,
TXN-0323,6/17/2025,Beans,South West,Distributor,Individual,51,69331.45,37207.11,0,0,3535904.09,1897562.84,46270.16,132013.15,2075846.15,1460057.94,
TXN-0324,3/2/2025,Tomatoes,North West,Retail,Retailer,79,49992.39,25005.18,0,0,3949398.62,1975409.12,179297.06,84906.25,2239612.43,1709786.19,
TXN-0325,11/15/2025,Cassava,South West,Retail,Restaurant,69,49688.17,32713.26,0,0,3428484,2257214.67,139983.98,78254.7,2475453.35,953030.66,
TXN-0326,4/17/2025,Beans,South West,Retail,Individual,58,84911.18,42210.45,0.05,246242.42,4678606.03,2448206.07,123765.87,169420.22,2741392.16,1937213.87,
TXN-0327,7/7/2025,Tomatoes,South East,Wholesale,Restaurant,41,48455.89,24498.24,0,0,1986691.34,1004427.77,82256.79,55558.54,1142243.1,844448.23,
TXN-0328,9/17/2025,Beans,South West,Wholesale,Supermarket,58,62030.2,32173.55,0,0,3597751.34,1866065.89,138579.63,37217.93,2041863.44,1555887.9,
TXN-0329,4/12/2025,Rice,North Central,Retail,Distributor,78,101760.87,65886.13,0.02,158746.96,7778601.27,5139118.14,334942.87,181910.65,5655971.66,2122629.61,
TXN-0330,3/10/2025,Cassava,North Central,Online,Supermarket,60,60614.59,34043.85,0.02,72737.5,3564137.61,2042630.75,46567,128947.2,2218144.95,1345992.67,
TXN-0331,11/7/2025,Beans,North Central,Distributor,Distributor,40,70123.94,37784.02,0,0,2804957.57,1511360.75,54055.3,54860.11,1620276.16,1184681.41,
TXN-0332,5/17/2025,Beans,North Central,Distributor,Retailer,9,81252.55,48428.98,0.05,36563.65,694709.27,435860.83,27742.68,16100.8,479704.31,215004.96,
TXN-0333,10/12/2025,Vegetable Oil,North West,Wholesale,Individual,27,44421.5,22237.85,0.05,59969.03,1139411.55,600422.06,35635.74,38378.76,674436.56,464975,
TXN-0334,5/30/2025,Vegetable Oil,South West,Wholesale,Supermarket,36,56364.22,25245.89,0,0,2029112.01,908852.03,28841.43,33827,971520.46,1057591.54,
TXN-0335,8/22/2025,Rice,South West,Retail,Supermarket,19,87302.05,54442.33,0.1,165873.9,1492865.09,1034404.27,39694.44,48691.22,1122789.93,370075.17,
TXN-0336,1/19/2025,Rice,South West,Wholesale,Restaurant,69,81662.34,48203.49,0,0,5634701.55,3326041.01,186037.42,60089.83,3572168.27,2062533.28,
TXN-0337,7/24/2025,Poultry Feed,South East,Wholesale,Distributor,33,95742.82,44060.1,0,0,3159512.92,1453983.35,46038.62,104087.09,1604109.06,1555403.86,
TXN-0338,1/7/2025,Tomatoes,South East,Online,Retailer,66,48534.82,22592.9,0,0,3203298.32,1491131.69,103873.78,92424.11,1687429.57,1515868.75,
TXN-0339,10/9/2025,Eggs,North West,Retail,Individual,77,35908.51,17192.12,0.05,138247.77,2626707.58,1323793.3,114873.93,64493.13,1503160.35,1123547.22,
TXN-0340,4/28/2025,Tomatoes,South East,Wholesale,Supermarket,23,53022.35,29616.42,0,0,1219513.99,681177.65,15887.81,26383.92,723449.38,496064.61,
TXN-0341,5/26/2025,Eggs,South South,Retail,Individual,61,43420.78,20839.58,0,0,2648667.84,1271214.52,130495.35,62281.72,1463991.58,1184676.26,
TXN-0342,2/14/2025,Beans,South South,Retail,Distributor,97,75574.69,37895,0.02,146614.9,7184130.04,3675814.62,246676.86,224137.87,4146629.35,3037500.69,
TXN-0343,3/1/2025,Cassava,South East,Distributor,Supermarket,100,54204.05,30177.13,0.02,108408.09,5311996.44,3017713.18,155957.96,53966.72,3227637.86,2084358.59,
TXN-0344,11/13/2025,Cassava,North Central,Retail,Individual,12,51456.4,30891.35,0,0,617476.8,370696.19,14824.46,18724.49,404245.14,213231.66,
TXN-0345,7/28/2025,Cassava,North Central,Retail,Individual,33,54852.82,33759.05,0,0,1810143.12,1114048.75,46394.34,26718.38,1187161.47,622981.66,
TXN-0346,8/3/2025,Eggs,South West,Wholesale,Restaurant,40,39782.06,17886.93,0.05,79564.12,1511718.27,715477.16,33675.31,33936.77,783089.24,728629.04,
TXN-0347,2/23/2025,Tomatoes,North West,Wholesale,Retailer,44,48669.86,27068.09,0.05,107073.69,2034400.13,1190996.01,79288.26,65858.82,1336143.09,698257.03,
TXN-0348,3/22/2025,Eggs,South West,Retail,Supermarket,94,41045.35,20148.81,0,0,3858263.17,1893987.77,123362.97,100305.36,2117656.1,1740607.07,
TXN-0349,6/15/2025,Tomatoes,South East,Retail,Distributor,100,44843.07,24083.73,0,0,4484307.28,2408373.13,151623.98,80444.22,2640441.33,1843865.96,
TXN-0350,7/26/2025,Poultry Feed,South East,Distributor,Individual,88,94398.6,38660.83,0,0,8307076.54,3402153.16,169323.62,91463.34,3662940.12,4644136.42,
TXN-0351,4/6/2025,Beans,North West,Wholesale,Restaurant,52,76562.92,46199.88,0.05,199063.6,3782208.31,2402393.6,87034.76,140050.74,2629479.1,1152729.22,
TXN-0352,3/18/2025,Eggs,South East,Distributor,Supermarket,58,43126.25,21207.72,0.05,125066.12,2376256.29,1230048.04,109601.85,90314.69,1429964.58,946291.71,
TXN-0353,3/2/2025,Tomatoes,South South,Online,Supermarket,99,44656.59,22535.52,0,0,4421002.79,2231016.22,48175.82,92013.47,2371205.51,2049797.28,
TXN-0354,10/31/2025,Tomatoes,North West,Retail,Restaurant,53,44399.87,20515.16,0.05,117659.64,2235533.24,1087303.38,77754.19,60140,1225197.58,1010335.66,
TXN-0355,7/16/2025,Eggs,South South,Wholesale,Retailer,72,42489.16,20008.84,0,0,3059219.63,1440636.35,117155.51,66314.44,1624106.3,1435113.34,
TXN-0356,2/17/2025,Cassava,South West,Online,Restaurant,59,59699.95,36510.43,0,0,3522297.02,2154115.66,97646.44,87439.02,2339201.11,1183095.91,
TXN-0357,4/23/2025,Vegetable Oil,North West,Online,Supermarket,36,52407.8,25871.5,0.02,37733.61,1848947.07,931373.94,46084.83,70723.63,1048182.4,800764.67,
TXN-0358,5/13/2025,Beans,North Central,Distributor,Retailer,58,75068.04,38438.19,0.02,87078.92,4266867.19,2229414.81,144954.37,65627.32,2439996.51,1826870.69,
TXN-0359,8/2/2025,Cassava,South West,Wholesale,Restaurant,24,55813.77,29653.61,0,0,1339530.6,711686.63,37698.62,31674.77,781060.03,558470.57,
TXN-0360,8/10/2025,Cassava,South South,Distributor,Restaurant,98,57885.86,35029.86,0.05,283640.72,5389173.67,3432926.17,192410.23,66592.59,3691928.99,1697244.68,
TXN-0361,12/30/2025,Tomatoes,North West,Retail,Distributor,44,41738.07,23471.52,0.02,36729.5,1799745.4,1032746.99,35727.54,55288.89,1123763.41,675981.98,
TXN-0362,1/7/2025,Tomatoes,South West,Online,Supermarket,57,48600.66,27157.87,0,0,2770237.67,1547998.64,49925.55,45672.38,1643596.58,1126641.09,
TXN-0363,8/27/2025,Rice,South West,Wholesale,Distributor,98,77159.93,45755.84,0,0,7561673.2,4484071.95,195382.02,227449.52,4906903.49,2654769.71,
TXN-0364,12/16/2025,Maize,North West,Wholesale,Restaurant,54,62602.4,33295.2,0,0,3380529.67,1797941.04,41272.55,129377.95,1968591.54,1411938.13,
TXN-0365,2/21/2025,Eggs,North West,Wholesale,Distributor,44,37262.87,14788.21,0,0,1639566.14,650681.35,29989.17,47412.04,728082.55,911483.58,
TXN-0366,12/16/2025,Beans,North Central,Distributor,Individual,53,68479.9,36298.83,0.1,362943.49,3266491.37,1923837.9,54892.14,120687.52,2099417.56,1167073.82,
TXN-0367,6/15/2025,Maize,South South,Retail,Restaurant,35,66280.71,38594.66,0.05,115991.25,2203833.67,1350812.95,34128.43,60431.26,1445372.65,758461.02,
TXN-0368,5/8/2025,Eggs,North Central,Distributor,Individual,66,44496.12,19566.41,0.1,293674.4,2643069.63,1291382.98,68266.04,83139.32,1442788.35,1200281.28,
TXN-0369,7/3/2025,Beans,North West,Retail,Retailer,52,74120.22,45582.93,0.02,77085.03,3777166.43,2370312.3,67875.07,42866.47,2481053.84,1296112.59,
TXN-0370,6/16/2025,Poultry Feed,South West,Distributor,Individual,94,94752.49,39305.22,0.02,178134.68,8728599.41,3694690.28,259263.52,213810.76,4167764.56,4560834.85,
TXN-0371,11/23/2025,Tomatoes,North Central,Distributor,Individual,63,44918.33,21202.11,0,0,2829854.89,1335732.92,135996.58,43197.02,1514926.52,1314928.37,
TXN-0372,3/18/2025,Tomatoes,South West,Wholesale,Individual,43,53240.52,28879.75,0,0,2289342.36,1241829.36,34949.43,81594.69,1358373.47,930968.88,
TXN-0373,8/10/2025,Beans,South South,Wholesale,Restaurant,84,67540.02,40998.26,0.1,567336.18,5106025.62,3443853.44,167735.08,72965.28,3684553.8,1421471.82,
TXN-0374,2/1/2025,Vegetable Oil,South East,Wholesale,Supermarket,80,51485.34,26342.2,0.05,205941.36,3912885.88,2107376.38,66538.33,118102.39,2292017.11,1620868.77,
TXN-0375,10/14/2025,Rice,North Central,Online,Individual,17,81695.19,51261.97,0,0,1388818.29,871453.46,34805.47,23556.68,929815.61,459002.67,
TXN-0376,9/30/2025,Cassava,North West,Retail,Supermarket,27,50078.28,27813.24,0,0,1352113.46,750957.6,62653.4,32507.61,846118.61,505994.85,
TXN-0377,6/5/2025,Rice,South East,Retail,Restaurant,86,90396.46,58001.71,0.05,388704.79,7385391.1,4988147.24,184872.59,230746.61,5403766.45,1981624.65,
TXN-0378,9/26/2025,Maize,South West,Distributor,Retailer,44,58400.35,34800.54,0,0,2569615.47,1531223.97,105205.48,35208.93,1671638.39,897977.09,
TXN-0379,6/29/2025,Eggs,North West,Online,Retailer,58,44233.93,21002.48,0.05,128278.4,2437289.66,1218143.86,45382.41,48941.29,1312467.56,1124822.1,
TXN-0380,8/25/2025,Cassava,North Central,Wholesale,Supermarket,66,55921.8,34035.22,0,0,3690838.56,2246324.57,45105.74,99851.75,2391282.07,1299556.49,
TXN-0381,9/30/2025,Poultry Feed,North Central,Wholesale,Distributor,89,96111.76,43758.49,0,0,8553946.38,3894505.88,194362.62,277855.96,4366724.46,4187221.92,
TXN-0382,11/6/2025,Tomatoes,North Central,Retail,Supermarket,15,40981.98,20310.84,0,0,614729.65,304662.67,7167.73,17896.53,329726.92,285002.73,
TXN-0383,9/30/2025,Tomatoes,South West,Retail,Individual,70,43721.91,23006.36,0,0,3060533.91,1610444.97,73503.4,114427.03,1798375.4,1262158.51,
TXN-0384,2/27/2025,Cassava,North West,Distributor,Retailer,64,63950.85,36398.78,0,0,4092854.09,2329521.93,53852.04,95297.79,2478671.75,1614182.34,
TXN-0385,7/29/2025,Rice,South South,Wholesale,Individual,76,94162.94,57191.16,0,0,7156383.38,4346528.14,118762.98,123087.51,4588378.63,2568004.75,
TXN-0386,3/17/2025,Eggs,North West,Wholesale,Distributor,29,44803.52,18582.26,0,0,1299302.22,538885.53,16116.36,48259.97,603261.86,696040.36,
TXN-0387,12/26/2025,Cassava,South West,Online,Distributor,71,56570.43,30284.41,0,0,4016500.39,2150193.04,74296.79,120116.29,2344606.11,1671894.28,
TXN-0388,6/24/2025,Maize,North West,Online,Individual,16,74484.05,40999.81,0.02,23834.9,1167909.9,655996.93,24368.82,18357.55,698723.3,469186.6,
TXN-0389,5/29/2025,Vegetable Oil,North West,Distributor,Distributor,66,52206.46,22696.61,0.02,68912.53,3376714.01,1497976.23,162068.72,47654.5,1707699.45,1669014.56,
TXN-0390,10/29/2025,Poultry Feed,South West,Wholesale,Restaurant,9,86615.7,32375.31,0,0,779541.31,291377.75,8268.65,21392.57,321038.98,458502.33,
TXN-0391,8/15/2025,Beans,South West,Distributor,Supermarket,44,69113.35,36841.64,0,0,3040987.3,1621032.06,130951.13,103483.04,1855466.22,1185521.08,
TXN-0392,8/25/2025,Beans,North Central,Wholesale,Supermarket,97,66718.43,40241.22,0.05,323584.38,6148103.24,3903398.32,233555.43,175272.1,4312225.84,1835877.4,
TXN-0393,4/18/2025,Tomatoes,North Central,Retail,Supermarket,76,47592.6,26887.12,0.05,180851.86,3436185.43,2043421.06,169550.63,61130.17,2274101.85,1162083.58,
TXN-0394,7/5/2025,Poultry Feed,North West,Wholesale,Individual,93,100548.21,41417.08,0,0,9350983.89,3851788.45,323158.9,164444,4339391.35,5011592.54,
TXN-0395,7/1/2025,Poultry Feed,South South,Distributor,Supermarket,84,94288.64,41868.68,0,0,7920245.44,3516969.32,145434.52,99325.03,3761728.86,4158516.57,
TXN-0396,3/19/2025,Rice,South South,Wholesale,Distributor,19,98589.52,58962.54,0,0,1873200.8,1120288.25,41456.62,71137.88,1232882.76,640318.04,
TXN-0397,7/16/2025,Vegetable Oil,South South,Distributor,Retailer,38,44473.53,21019.21,0,0,1689994.03,798729.98,27798.29,50179.79,876708.06,813285.97,
TXN-0398,9/30/2025,Maize,South South,Distributor,Individual,19,63071.36,39744.44,0.02,23967.12,1174388.64,755144.27,15351.75,24239.37,794735.39,379653.26,
TXN-0399,6/12/2025,Cassava,North West,Distributor,Distributor,21,62911.54,41208.22,0,0,1321142.31,865372.67,52847.19,34283.42,952503.28,368639.03,
TXN-0400,8/27/2025,Eggs,North West,Wholesale,Individual,20,33867.41,14816.96,0,0,677348.27,296339.26,30597.99,18092.8,345030.05,332318.22,
TXN-0401,5/16/2025,Vegetable Oil,South West,Distributor,Retailer,49,55806.24,23868.48,0,0,2734505.83,1169555.37,68867.63,53316.31,1291739.31,1442766.52,
TXN-0402,10/13/2025,Eggs,South East,Wholesale,Distributor,97,34947.61,15375.08,0.05,169495.9,3220422.14,1491382.51,116972.82,32982.83,1641338.16,1579083.99,
TXN-0403,5/2/2025,Eggs,North Central,Retail,Distributor,27,41449.25,18193.87,0,0,1119129.76,491234.5,35698.96,20403.46,547336.92,571792.85,
TXN-0404,7/31/2025,Maize,North Central,Online,Supermarket,15,69067,41391.73,0,0,1036004.97,620876.01,20052.79,16914.43,657843.22,378161.75,
TXN-0405,8/2/2025,Eggs,South East,Wholesale,Retailer,88,36350.51,16623.63,0,0,3198845.09,1462879.85,131816.64,127725.68,1722422.16,1476422.93,
TXN-0406,3/28/2025,Cassava,North West,Wholesale,Supermarket,77,56236.77,34315.87,0,0,4330231.07,2642321.93,96515.03,114291.06,2853128.03,1477103.04,
TXN-0407,10/8/2025,Vegetable Oil,North Central,Retail,Retailer,78,48558.02,20942.29,0,0,3787525.85,1633498.85,53062.57,39760.59,1726322.01,2061203.85,
TXN-0408,12/21/2025,Vegetable Oil,South West,Retail,Supermarket,79,42612.09,21756.47,0.1,336635.52,3029719.65,1718761.39,46713.37,51336.35,1816811.11,1212908.54,
TXN-0409,9/15/2025,Eggs,South South,Wholesale,Supermarket,79,35508.78,14095.53,0.05,140259.68,2664933.99,1113546.88,104588.78,102340.61,1320476.27,1344457.72,
TXN-0410,12/30/2025,Rice,North West,Retail,Restaurant,80,81014.32,50458.29,0,0,6481145.64,4036663.14,80855.07,168905.38,4286423.59,2194722.05,
TXN-0411,3/13/2025,Poultry Feed,South South,Wholesale,Individual,16,101795.03,39159.76,0,0,1628720.47,626556.23,36975.51,28961.34,692493.09,936227.39,
TXN-0412,11/21/2025,Eggs,North Central,Retail,Distributor,51,38696.68,15643.87,0,0,1973530.53,797837.15,79136.07,22772.2,899745.43,1073785.1,
TXN-0413,10/20/2025,Cassava,South East,Wholesale,Individual,23,48740.46,27076.96,0,0,1121030.47,622770.17,52051.81,29620.37,704442.34,416588.13,
TXN-0414,11/22/2025,Rice,North West,Wholesale,Restaurant,73,85872.75,53702.41,0,0,6268710.78,3920276.13,264000.79,109047.97,4293324.89,1975385.89,
TXN-0415,8/9/2025,Vegetable Oil,North West,Retail,Individual,77,44513.22,20735.76,0,0,3427518.13,1596653.45,126459.49,119215.73,1842328.67,1585189.45,
TXN-0416,10/15/2025,Rice,South East,Wholesale,Individual,91,83485.55,49654.6,0.02,151943.71,7445241.6,4518568.2,155052.8,92595.64,4766216.64,2679024.96,
TXN-0417,5/17/2025,Maize,North Central,Online,Supermarket,98,68833.39,41822.47,0,0,6745672.18,4098601.89,239579.8,266826.66,4605008.35,2140663.83,
TXN-0418,11/18/2025,Eggs,North West,Wholesale,Restaurant,64,37244.33,16594.97,0.02,47672.75,2335964.51,1062078.16,25558.49,53467.16,1141103.81,1194860.7,
TXN-0419,5/9/2025,Eggs,North Central,Retail,Restaurant,54,39442.86,17458.36,0,0,2129914.56,942751.42,37913.24,62966.22,1043630.89,1086283.67,
TXN-0420,4/16/2025,Beans,South East,Wholesale,Individual,23,73498.06,45086.02,0.02,33809.11,1656646.16,1036978.46,72686.16,32685.43,1142350.06,514296.11,
TXN-0421,10/10/2025,Maize,South West,Wholesale,Restaurant,64,55032.1,30743.44,0,0,3522054.49,1967580.45,37810.82,84254.59,2089645.86,1432408.63,
TXN-0422,10/23/2025,Maize,North West,Distributor,Restaurant,51,55732.92,29377.51,0.02,56847.58,2785531.44,1498252.8,122501.7,31615.52,1652370.01,1133161.42,
TXN-0423,12/2/2025,Rice,North West,Wholesale,Restaurant,16,80489.77,49024.06,0,0,1287836.4,784385.04,17081.8,22869.07,824335.91,463500.49,
TXN-0424,2/8/2025,Cassava,South West,Wholesale,Individual,40,54621.96,30974.1,0.02,43697.57,2141180.98,1238963.85,104087.32,24650.35,1367701.52,773479.46,
TXN-0425,4/11/2025,Cassava,South West,Wholesale,Distributor,14,61142.75,39061.43,0,0,855998.53,546860.04,35959,30722.02,613541.07,242457.47,
TXN-0426,2/5/2025,Vegetable Oil,South South,Distributor,Distributor,60,53835.64,26585.31,0.02,64602.76,3165535.45,1595118.9,151429.67,59748.6,1806297.18,1359238.27,
TXN-0427,12/31/2025,Eggs,North West,Retail,Individual,25,38185.16,17364.8,0,0,954629,434120.09,37374.8,18811.84,490306.72,464322.27,
TXN-0428,3/28/2025,Beans,South West,Wholesale,Individual,21,83632.68,50676.94,0.02,35125.73,1721160.54,1064215.65,24332.67,37970.21,1126518.53,594642.01,
TXN-0429,9/13/2025,Eggs,South East,Retail,Retailer,35,34820.69,15700,0,0,1218724.24,549499.98,16676.96,41995.15,608172.1,610552.14,
TXN-0430,9/8/2025,Beans,South East,Online,Distributor,74,72536.92,39178.21,0.02,107354.64,5260377.2,2899187.4,260669.69,88226.16,3248083.24,2012293.95,
TXN-0431,9/4/2025,Eggs,South West,Retail,Supermarket,43,39521.78,17388.25,0,0,1699436.52,747694.72,76380.73,67751.55,891827,807609.52,
TXN-0432,7/12/2025,Vegetable Oil,North West,Wholesale,Retailer,85,48854.74,25070.75,0.02,83053.06,4069600.13,2131013.53,153774.52,85217.92,2370005.97,1699594.16,
TXN-0433,6/12/2025,Cassava,South West,Retail,Individual,24,61243.72,39393.03,0,0,1469849.3,945432.71,57632.74,42001.21,1045066.67,424782.64,
TXN-0434,7/7/2025,Beans,South East,Retail,Distributor,90,69588.6,36231.11,0.02,125259.47,6137714.09,3260800.21,189916.48,113350.53,3564067.23,2573646.87,
TXN-0435,10/26/2025,Poultry Feed,North West,Distributor,Supermarket,43,97459.27,40290.91,0,0,4190748.55,1732509.01,49969.2,79079.22,1861557.43,2329191.12,
TXN-0436,10/21/2025,Tomatoes,South West,Retail,Individual,46,39362.45,22411.9,0,0,1810672.86,1030947.2,27934.21,66649.16,1125530.57,685142.29,
TXN-0437,9/24/2025,Poultry Feed,South South,Online,Individual,30,94969.06,38060.45,0.05,142453.59,2706618.29,1141813.37,84415.52,86535.06,1312763.96,1393854.33,
TXN-0438,9/26/2025,Eggs,South East,Distributor,Retailer,8,35338.54,16639.83,0,0,282708.36,133118.64,7489.28,10754.76,151362.68,131345.68,
TXN-0439,10/6/2025,Poultry Feed,North West,Wholesale,Retailer,30,94667.65,39071.77,0,0,2840029.48,1172153.08,47264.06,33606.47,1253023.61,1587005.87,
TXN-0440,9/30/2025,Cassava,North Central,Retail,Individual,97,56028.48,32926.56,0.1,543476.28,4891286.52,3193876.57,48949.36,139007.35,3381833.28,1509453.24,
TXN-0441,3/5/2025,Beans,North West,Wholesale,Retailer,11,80818.71,49331.95,0,0,889005.83,542651.4,25867.09,24940.35,593458.84,295546.99,
TXN-0442,11/2/2025,Beans,North West,Retail,Retailer,57,70705.66,35175.52,0.02,80604.46,3949618.38,2005004.56,149800.88,64961.33,2219766.77,1729851.61,
TXN-0443,6/27/2025,Poultry Feed,South South,Wholesale,Distributor,28,106763.51,44789.62,0,0,2989378.41,1254109.32,97555.44,111326.12,1462990.88,1526387.53,
TXN-0444,6/5/2025,Maize,North West,Retail,Supermarket,63,67215.31,39576.2,0,0,4234564.46,2493300.72,96399.6,102042.25,2691742.57,1542821.88,
TXN-0445,5/12/2025,Rice,North Central,Retail,Restaurant,16,98680.94,64385.88,0,0,1578895,1030174.11,75210.99,21678.82,1127063.93,451831.07,
TXN-0446,12/12/2025,Maize,South South,Retail,Individual,76,67413.02,38446.36,0,0,5123389.52,2921923.26,255275.51,52846.79,3230045.55,1893343.96,
TXN-0447,2/2/2025,Maize,North Central,Distributor,Supermarket,43,75475.69,39352.3,0.05,162272.73,3083181.84,1692149.05,65404.74,43057.84,1800611.63,1282570.21,
TXN-0448,9/15/2025,Poultry Feed,South West,Wholesale,Restaurant,7,84691.97,34896.67,0.05,29642.19,563201.63,244276.69,26032.05,19746.51,290055.25,273146.38,
TXN-0449,1/11/2025,Poultry Feed,South East,Wholesale,Retailer,97,88694.07,34569.34,0.05,430166.25,8173158.69,3353225.97,234117.28,190938.03,3778281.29,4394877.4,
TXN-0450,2/24/2025,Beans,North West,Online,Individual,100,72191.62,41140.57,0.02,144383.25,7074779.04,4114057.48,123055.42,83394.76,4320507.67,2754271.38,
TXN-0451,7/16/2025,Poultry Feed,South East,Wholesale,Restaurant,43,94502.35,40388.46,0,0,4063601.22,1736703.88,63873.45,131127.56,1931704.89,2131896.34,
TXN-0452,2/4/2025,Beans,North Central,Wholesale,Distributor,97,76127.42,41105.68,0.05,369217.96,7015141.31,3987251.26,110930.9,176577.44,4274759.6,2740381.71,
TXN-0453,2/14/2025,Beans,South West,Wholesale,Supermarket,13,77244.32,47199.85,0,0,1004176.11,613598.05,13978.44,11369.26,638945.75,365230.36,
TXN-0454,10/5/2025,Rice,South West,Distributor,Retailer,14,86738.98,57288.61,0,0,1214345.79,802040.61,15892.75,18332.51,836265.87,378079.92,
TXN-0455,7/7/2025,Rice,North Central,Wholesale,Retailer,40,84288.38,57364.02,0.02,67430.7,3304104.31,2294560.62,158462.29,47171.69,2500194.6,803909.71,
TXN-0456,2/12/2025,Beans,South West,Retail,Individual,67,78930.02,45137.88,0,0,5288311.65,3024238.23,156458.74,118792.88,3299489.84,1988821.81,
TXN-0457,8/8/2025,Cassava,North West,Retail,Restaurant,71,58796,35311.82,0.1,417451.58,3757064.2,2507139.34,54816.11,92845.53,2654800.97,1102263.23,
TXN-0458,1/25/2025,Beans,North Central,Wholesale,Restaurant,70,74702.84,37847.69,0,0,5229198.59,2649338.45,215784.46,120854.86,2985977.78,2243220.82,
TXN-0459,9/6/2025,Poultry Feed,South West,Distributor,Distributor,30,96805.69,43209.17,0,0,2904170.63,1296275.23,75430.9,64734.5,1436440.64,1467729.99,
TXN-0460,8/2/2025,Poultry Feed,North Central,Distributor,Restaurant,80,97235.08,39711.68,0.02,155576.12,7623229.89,3176934.51,330119.94,260142.47,3767196.92,3856032.97,
TXN-0461,5/6/2025,Beans,North Central,Distributor,Restaurant,44,79276.22,43000.81,0,0,3488153.7,1892035.62,173923.01,49031.3,2114989.94,1373163.76,
TXN-0462,6/22/2025,Eggs,North Central,Retail,Distributor,30,43527.66,21509.7,0,0,1305829.79,645291.13,31624.03,39274.88,716190.04,589639.75,
TXN-0463,12/29/2025,Tomatoes,North West,Wholesale,Supermarket,22,44717.13,21288.52,0,0,983776.8,468347.38,31617.48,26668.82,526633.68,457143.12,
TXN-0464,3/29/2025,Maize,South East,Retail,Restaurant,11,74788.54,43553.31,0,0,822673.95,479086.43,31095.53,22230.07,532412.03,290261.92,
TXN-0465,1/21/2025,Poultry Feed,South East,Wholesale,Distributor,53,89930.46,35409.86,0,0,4766314.4,1876722.81,161921.1,121117.94,2159761.85,2606552.55,
TXN-0466,2/27/2025,Rice,North Central,Wholesale,Retailer,42,82942.34,48858.78,0,0,3483578.26,2052068.88,52754.82,94807.39,2199631.08,1283947.18,
TXN-0467,6/1/2025,Rice,North Central,Distributor,Individual,92,90545.95,60474.98,0,0,8330227.01,5563698.5,90820.97,298638.19,5953157.67,2377069.34,
TXN-0468,12/11/2025,Tomatoes,North West,Distributor,Supermarket,29,46222.79,25979.61,0.02,26809.22,1313651.69,753408.66,22636.07,23729.71,799774.43,513877.25,
TXN-0469,12/26/2025,Cassava,North West,Retail,Distributor,49,54785.19,32010.88,0.02,53689.49,2630784.9,1568532.93,34892.09,33236.41,1636661.43,994123.47,
TXN-0470,1/10/2025,Maize,South West,Retail,Individual,92,65004.07,39912.11,0,0,5980374.15,3671914.55,215144.87,179807.7,4066867.12,1913507.03,
TXN-0471,6/3/2025,Rice,South South,Retail,Supermarket,56,93828.03,59672.21,0.05,262718.49,4991651.22,3341643.9,226803.46,172123.97,3740571.33,1251079.88,
TXN-0472,4/19/2025,Cassava,South East,Retail,Supermarket,67,57393.24,37102.14,0,0,3845347.12,2485843.54,72392.67,54387.66,2612623.87,1232723.24,
TXN-0473,6/13/2025,Beans,South West,Distributor,Restaurant,77,80271.44,42649.19,0,0,6180901.11,3283987.41,113652.01,242889.82,3640529.24,2540371.88,
TXN-0474,12/7/2025,Poultry Feed,South South,Retail,Supermarket,73,97873.26,42428.94,0.1,714474.81,6430273.29,3097312.48,165529.47,89519.18,3352361.12,3077912.17,
TXN-0475,6/2/2025,Maize,South East,Wholesale,Restaurant,74,67153.32,35536.61,0,0,4969345.55,2629708.96,111962.63,144518.77,2886190.36,2083155.19,
TXN-0476,11/11/2025,Vegetable Oil,North Central,Wholesale,Retailer,72,48204.26,22009.39,0.05,173535.35,3297171.61,1584676.12,51852.82,98029.81,1734558.75,1562612.87,
TXN-0477,1/7/2025,Cassava,North Central,Distributor,Supermarket,76,51506.47,31274.51,0,0,3914491.39,2376862.57,124625.43,147913.58,2649401.58,1265089.81,
TXN-0478,6/4/2025,Poultry Feed,South East,Retail,Restaurant,91,107757.79,43094.71,0,0,9805958.46,3921618.43,360607.06,166097.23,4448322.71,5357635.75,
TXN-0479,4/25/2025,Poultry Feed,North West,Retail,Supermarket,42,94497.47,38815.39,0,0,3968893.54,1630246.2,148063.96,67743.8,1846053.95,2122839.59,
TXN-0480,11/24/2025,Tomatoes,South South,Retail,Supermarket,75,39634.79,21333.69,0.02,59452.19,2913157.37,1600026.95,108104.15,51182.55,1759313.65,1153843.72,
TXN-0481,9/3/2025,Tomatoes,North West,Online,Retailer,95,40355.38,18873.59,0,0,3833761.52,1792991.25,164169.66,116160.44,2073321.35,1760440.17,
TXN-0482,6/27/2025,Rice,North West,Wholesale,Supermarket,85,89476.68,58932.56,0.05,380275.9,7225242.12,5009267.25,277272.66,95098.94,5381638.85,1843603.28,
TXN-0483,9/27/2025,Cassava,South West,Distributor,Retailer,28,48519.92,29538.21,0,0,1358557.88,827069.83,31307.03,16475.88,874852.74,483705.13,
TXN-0484,9/28/2025,Tomatoes,South South,Retail,Supermarket,66,46422.84,22827.15,0.05,153195.37,2910711.97,1506591.77,74877.69,41266.97,1622736.44,1287975.53,
TXN-0485,8/29/2025,Vegetable Oil,North Central,Retail,Individual,82,45564.75,21751.22,0,0,3736309.36,1783599.87,168868.42,94026.56,2046494.85,1689814.52,
TXN-0486,2/7/2025,Beans,North Central,Wholesale,Restaurant,85,75647.77,45379.76,0,0,6430060.35,3857279.66,184666.31,143527.16,4185473.13,2244587.22,
TXN-0487,10/18/2025,Vegetable Oil,South South,Online,Retailer,47,44672.51,20080.38,0.05,104980.4,1994627.52,943777.84,60866.04,39145.83,1043789.71,950837.8,
TXN-0488,3/22/2025,Vegetable Oil,South South,Wholesale,Individual,68,50761.13,21734.89,0,0,3451756.81,1477972.45,92326.92,57261.36,1627560.73,1824196.08,
TXN-0489,12/29/2025,Rice,South South,Distributor,Restaurant,59,87358.49,56395.32,0.05,257707.55,4896443.37,3327323.94,190527.39,83020.37,3600871.69,1295571.68,
TXN-0490,8/4/2025,Rice,North West,Retail,Supermarket,47,87214.55,56042.37,0,0,4099083.68,2633991.37,163861.53,153860.03,2951712.93,1147370.75,
TXN-0491,10/17/2025,Vegetable Oil,North Central,Retail,Retailer,17,41344.04,19438.01,0.02,14056.97,688791.75,330446.14,25802.52,23730.37,379979.03,308812.72,
TXN-0492,3/20/2025,Rice,South East,Distributor,Restaurant,62,84303.12,55287.71,0,0,5226793.22,3427837.88,169856.01,96086.02,3693779.91,1533013.31,
TXN-0493,7/12/2025,Maize,South South,Wholesale,Restaurant,33,68982.84,38250.7,0,0,2276433.59,1262273.22,59504.24,38796.42,1360573.88,915859.71,
TXN-0494,7/17/2025,Tomatoes,North West,Distributor,Retailer,58,43570.49,21102.06,0,0,2527088.24,1223919.65,44186.06,67388.57,1335494.28,1191593.97,
TXN-0495,11/12/2025,Poultry Feed,North West,Wholesale,Supermarket,88,95630.76,41861.09,0,0,8415506.59,3683775.91,366915.33,169822.27,4220513.51,4194993.08,
TXN-0496,9/4/2025,Maize,South South,Retail,Retailer,83,65132.67,34261.78,0.02,108120.23,5297891.04,2843728.04,79223.82,64189.61,2987141.47,2310749.57,
TXN-0497,4/24/2025,Tomatoes,North Central,Distributor,Distributor,74,45468.77,25776.39,0,0,3364688.64,1907453,149344.44,50686.68,2107484.12,1257204.51,
TXN-0498,2/23/2025,Beans,North Central,Wholesale,Retailer,78,76414.53,37792.47,0.05,298016.65,5662316.34,2947812.43,278765.76,159551.54,3386129.72,2276186.62,
TXN-0499,12/1/2025,Cassava,South South,Online,Supermarket,6,50345.5,28644.61,0,0,302073.02,171867.68,12644.06,9721.94,194233.68,107839.34,
TXN-0500,5/9/2025,Cassava,North Central,Wholesale,Supermarket,22,56699.32,31329.03,0.1,124738.5,1122646.49,689238.73,20652.1,20014.04,729904.88,392741.62,
TXN-0501,10/9/2025,Tomatoes,South East,Distributor,Supermarket,61,43933.32,22635.41,0.05,133996.62,2545935.76,1380760.06,77207.2,72832.2,1530799.46,1015136.3,
TXN-0501,11/30/2025,Eggs,South West,Distributor,Supermarket,91,37017.26,16308.99,0,0,3368570.65,1484118.01,134165.81,117152.92,1735436.73,1633133.92,
TXN-0503,3/23/2025,Poultry Feed,South South,Distributor,Distributor,18,107095.78,48749.02,0.02,38554.48,1889169.49,877482.38,81219.7,57930.09,1016632.17,872537.32,
TXN-0504,5/6/2025,Beans,North West,Wholesale,Supermarket,67,80957.29,45525,0.05,271206.92,5152931.53,3050174.82,172419.52,132855.33,3355449.67,1797481.86,
TXN-0505,6/4/2025,Vegetable Oil,South East,Retail,Supermarket,62,47725.1,20712.77,0.05,147947.82,2811008.62,1284191.67,66669.22,85781.03,1436641.91,1374366.71,
TXN-0506,7/22/2025,Vegetable Oil,North Central,Wholesale,Supermarket,42,46100.63,22128.48,0,0,1936226.64,929396.1,61492.48,32815.11,1023703.69,912522.94,
TXN-0507,5/10/2025,Rice,North West,Retail,Retailer,72,100451.58,57021.85,0.1,723251.34,6509262.08,4105573.4,118675.4,209904.07,4434152.87,2075109.22,
TXN-0508,7/2/2025,Beans,North West,Retail,Retailer,22,76735.73,40665.35,0.02,33763.72,1654422.23,894637.68,29863.23,60729.04,985229.96,669192.28,
TXN-0509,8/11/2025,Beans,North Central,Wholesale,Supermarket,13,67931.74,37654.65,0,0,883112.64,489510.49,39656.2,11138.95,540305.64,342807,
TXN-0510,8/5/2025,Maize,South East,Retail,Retailer,86,67758.73,36229.71,0.05,291362.52,5535887.97,3115755.07,177936.4,105054.33,3398745.8,2137142.17,
TXN-0511,6/26/2025,Cassava,North West,Distributor,Retailer,59,62152.8,40904.09,0.05,183350.77,3483664.65,2413341.36,118637.46,70288.54,2602267.36,881397.29,
TXN-0512,7/8/2025,Cassava,South East,Wholesale,Retailer,14,51287.58,29702.97,0.02,14360.52,703665.55,415841.62,20102.43,20108.04,456052.09,247613.46,
TXN-0513,12/2/2025,Cassava,South West,Retail,Restaurant,94,54874.34,32484.46,0,0,5158188.2,3053539.18,130085.77,68004.35,3251629.3,1906558.9,
TXN-0514,9/10/2025,Cassava,North West,Wholesale,Individual,34,50162.31,32856.18,0,0,1705518.42,1117110.26,59235.44,51882.16,1228227.86,477290.56,
TXN-0515,10/9/2025,Cassava,South West,Wholesale,Restaurant,77,50174.57,28702.02,0,0,3863441.68,2210055.69,60017.52,124190.52,2394263.72,1469177.96,
TXN-0516,7/6/2025,Cassava,South South,Wholesale,Restaurant,82,56909.2,32614.47,0.02,93331.08,4573223,2674386.4,58252.01,168852.17,2901490.59,1671732.41,
TXN-0517,1/18/2025,Vegetable Oil,North West,Distributor,Distributor,55,46000.67,22129.1,0.02,50600.73,2479435.99,1217100.76,45323.46,88124.54,1350548.76,1128887.23,
TXN-0518,10/31/2025,Beans,North West,Distributor,Supermarket,73,70301.89,39281.52,0.02,102640.76,5029397.32,2867551.14,89822.41,82242.6,3039616.15,1989781.17,
TXN-0519,11/24/2025,Beans,North West,Wholesale,Restaurant,92,71551.65,37960.45,0,0,6582751.7,3492361.77,249142,103916.09,3845419.85,2737331.85,
TXN-0520,8/26/2025,Poultry Feed,South West,Distributor,Retailer,21,98348.1,43724.51,0,0,2065310.05,918214.65,25387.64,31470.57,975072.86,1090237.19,
TXN-0521,4/16/2025,Maize,South East,Online,Restaurant,73,66326.47,34880.59,0.02,96836.64,4744995.48,2546283.4,82332.25,94195.59,2722811.24,2022184.24,
TXN-0522,5/20/2025,Tomatoes,South West,Wholesale,Supermarket,57,51274.33,28232.88,0,0,2922636.81,1609274.24,119760.24,63031.36,1792065.84,1130570.97,
TXN-0523,1/14/2025,Beans,South South,Distributor,Distributor,54,67243.96,40539.2,0,0,3631173.83,2189116.55,78125.38,115256.68,2382498.62,1248675.21,
TXN-0524,9/3/2025,Vegetable Oil,South South,Retail,Restaurant,66,41207.75,19811.75,0.02,54394.23,2665317.35,1307575.46,78362.25,33481.96,1419419.66,1245897.69,
TXN-0525,9/5/2025,Eggs,North Central,Retail,Retailer,63,38076.42,17906.01,0,0,2398814.35,1128078.84,105132.1,32209.15,1265420.09,1133394.26,
TXN-0526,4/20/2025,Maize,South East,Wholesale,Restaurant,30,71130.2,43492.63,0,0,2133905.88,1304778.85,57611.49,45850.16,1408240.5,725665.38,
TXN-0527,3/5/2025,Poultry Feed,South West,Online,Restaurant,22,95498.32,38766.34,0.02,42019.26,2058943.74,852859.38,91482.9,41973.43,986315.71,1072628.03,
TXN-0528,4/20/2025,Maize,North West,Wholesale,Individual,57,65980.91,40130.75,0.1,376091.16,3384820.43,2287452.78,165189.32,121691.51,2574333.62,810486.82,
TXN-0529,1/13/2025,Poultry Feed,South East,Retail,Supermarket,86,96057.34,39781.03,0.05,413046.57,7847884.8,3421168.92,166977.36,153356.99,3741503.27,4106381.53,
TXN-0530,2/3/2025,Eggs,North Central,Wholesale,Retailer,9,37659.39,15151.28,0,0,338934.53,136361.53,6376.3,8628.99,151366.81,187567.72,
TXN-0531,9/7/2025,Maize,South East,Online,Individual,32,62103.79,38518.09,0.02,39746.42,1947574.75,1232578.75,20297.71,42501.35,1295377.81,652196.94,
TXN-0532,3/29/2025,Maize,North West,Retail,Individual,77,69592.53,43332.99,0.02,107172.49,5251452.03,3336640.24,241409.02,150743.77,3728793.03,1522659,
TXN-0533,6/27/2025,Beans,South South,Wholesale,Individual,36,73352.55,41800.6,0,0,2640691.82,1504821.73,65806.02,42966.99,1613594.74,1027097.08,
TXN-0534,1/26/2025,Cassava,South South,Online,Distributor,95,59919.96,33267.13,0.1,569239.65,5123156.88,3160377.28,121288.85,202744.37,3484410.5,1638746.38,
TXN-0535,12/2/2025,Eggs,South East,Retail,Individual,16,36349.64,15480.55,0,0,581594.27,247688.86,17572.64,12847.96,278109.47,303484.8,
TXN-0536,7/1/2025,Cassava,South West,Retail,Restaurant,81,55498.01,32878.77,0.05,224766.96,4270572.2,2663180.59,59656.41,97622.41,2820459.41,1450112.79,
TXN-0537,2/2/2025,Beans,North Central,Distributor,Distributor,55,71956.72,42534.58,0.02,79152.39,3878467.26,2339401.84,48681.68,83839.64,2471923.16,1406544.1,
TXN-0538,1/10/2025,Tomatoes,North West,Online,Restaurant,84,47859.09,27247.38,0,0,4020163.18,2288779.63,169142.76,92608.19,2550530.59,1469632.59,
TXN-0539,11/5/2025,Beans,North Central,Online,Retailer,82,66928,37997.14,0,0,5488095.83,3115765.66,217848.85,92474.07,3426088.58,2062007.25,
TXN-0540,4/26/2025,Cassava,North West,Wholesale,Restaurant,21,59399.8,31813.09,0.02,24947.92,1222447.85,668074.89,55467.03,17789.41,741331.33,481116.52,
TXN-0541,10/21/2025,Rice,South East,Retail,Supermarket,77,81098.04,47083.47,0.05,312227.46,5932321.8,3625427.55,90422.5,201235.22,3917085.26,2015236.54,
TXN-0542,6/17/2025,Poultry Feed,North West,Wholesale,Retailer,94,102397.71,45394.66,0.05,481269.22,9144115.13,4267097.98,258554.64,221774.52,4747427.14,4396687.99,
TXN-0543,7/14/2025,Cassava,South East,Retail,Retailer,53,51822.66,27570.43,0.02,54932.02,2691668.94,1461232.63,121018.91,44739.25,1626990.78,1064678.16,
TXN-0544,3/25/2025,Vegetable Oil,North Central,Online,Distributor,25,50205.38,23695.4,0.05,62756.72,1192377.7,592384.99,26466.16,18816.07,637667.22,554710.47,
TXN-0545,12/22/2025,Vegetable Oil,South East,Online,Individual,11,42481.55,18282.01,0,0,467297.07,201102.15,20010.49,4773.09,225885.74,241411.33,
TXN-0546,2/11/2025,Eggs,North West,Retail,Restaurant,14,38371.93,16532.03,0.02,10744.14,526462.93,231448.47,16247.72,7233.3,254929.48,271533.45,
TXN-0547,8/19/2025,Rice,South West,Distributor,Retailer,13,75839.99,41579.48,0,0,985919.91,540533.26,26202.14,37538.69,604274.09,381645.82,
TXN-0548,3/4/2025,Tomatoes,North West,Wholesale,Distributor,82,50133.88,26201.4,0.05,205548.91,3905429.21,2148514.8,193191.84,68447.35,2410153.99,1495275.22,
TXN-0549,9/19/2025,Poultry Feed,South South,Distributor,Supermarket,25,98062.36,36762.47,0.05,122577.95,2328981.14,919061.73,27995.04,61529.68,1008586.45,1320394.68,
TXN-0550,6/5/2025,Rice,North West,Wholesale,Retailer,97,95890.05,61590.93,0.02,186026.7,9115308.54,5974320.24,390350.98,198422.14,6563093.36,2552215.19,
TXN-0551,11/19/2025,Eggs,South East,Wholesale,Distributor,59,33063.7,13470.84,0.05,97537.92,1853220.54,794779.8,53537.79,58166.05,906483.65,946736.89,
TXN-0552,3/28/2025,Vegetable Oil,South East,Distributor,Supermarket,87,54196.74,26155.95,0.02,94302.32,4620813.81,2275567.76,220389.06,155472.03,2651428.85,1969384.96,
TXN-0553,9/15/2025,Tomatoes,North West,Distributor,Retailer,73,46869.83,22989.24,0,0,3421497.89,1678214.88,107205.59,75852.41,1861272.89,1560225,
TXN-0554,7/16/2025,Beans,North Central,Distributor,Distributor,77,70151.96,35467.63,0,0,5401701.26,2731007.15,73584.02,162267.63,2966858.8,2434842.46,
TXN-0555,1/17/2025,Maize,South South,Distributor,Retailer,5,64310.47,36367.48,0.05,16077.62,305474.72,181837.39,8970.85,10331.29,201139.53,104335.19,
TXN-0556,10/10/2025,Vegetable Oil,North West,Distributor,Retailer,89,42608.95,20268.03,0,0,3792196.59,1803855.04,39300.36,111676.12,1954831.52,1837365.07,
TXN-0557,12/8/2025,Cassava,North West,Online,Supermarket,96,57693.84,31524.34,0.02,110772.17,5427836.23,3026336.79,242728.41,149228.44,3418293.64,2009542.59,
TXN-0558,6/11/2025,Vegetable Oil,North West,Retail,Supermarket,13,54583.13,24462.3,0.1,70958.07,638622.61,318009.86,30861.77,11130.52,360002.16,278620.45,
TXN-0559,6/7/2025,Cassava,South South,Online,Retailer,32,56296.21,33633.85,0.02,36029.57,1765449.03,1076283.32,36966.7,56660.67,1169910.69,595538.34,
TXN-0560,11/7/2025,Vegetable Oil,North Central,Wholesale,Retailer,11,43920.65,20829.44,0,0,483127.2,229123.89,8546.67,9316.67,246987.23,236139.97,
TXN-0561,12/25/2025,Cassava,North West,Wholesale,Individual,21,51127.31,31593.06,0.02,21473.47,1052200.03,663454.25,36083.07,13318.06,712855.38,339344.65,
TXN-0562,6/11/2025,Poultry Feed,North Central,Wholesale,Restaurant,55,95064.77,42528.73,0,0,5228562.08,2339080.24,228762.74,124491.39,2692334.37,2536227.71,
TXN-0563,1/3/2025,Tomatoes,North Central,Online,Supermarket,80,45751.95,22088.05,0,0,3660155.89,1767043.85,165101.17,46436.33,1978581.35,1681574.55,
TXN-0564,1/17/2025,Eggs,North West,Distributor,Restaurant,13,36612.64,15827.69,0,0,475964.35,205759.96,23349.98,18391.26,247501.21,228463.14,
TXN-0565,11/20/2025,Tomatoes,North West,Retail,Supermarket,99,40774.88,20674.79,0,0,4036712.85,2046804.08,160920.04,41892.57,2249616.69,1787096.16,
TXN-0566,9/30/2025,Vegetable Oil,North Central,Retail,Retailer,6,41188.31,19177.68,0,0,247129.88,115066.07,9325.47,8152.16,132543.7,114586.18,
TXN-0567,4/17/2025,Poultry Feed,South East,Retail,Restaurant,16,109310.42,47399.82,0.1,174896.67,1574070.05,758397.15,29917.47,47016.74,835331.36,738738.69,
TXN-0568,1/13/2025,Cassava,South South,Retail,Distributor,39,55818.78,31931.61,0.02,43538.65,2133393.93,1245332.81,97197.48,57770.49,1400300.78,733093.15,
TXN-0569,4/26/2025,Maize,South West,Retail,Supermarket,75,68746.09,43242.89,0,0,5155956.47,3243216.7,186125.07,59714.19,3489055.96,1666900.51,
TXN-0570,7/18/2025,Eggs,North West,Wholesale,Distributor,27,35767.23,16911.17,0.05,48285.75,917429.32,456601.53,37349.08,12310.96,506261.58,411167.75,
TXN-0571,12/15/2025,Cassava,South West,Distributor,Retailer,26,57095.53,32044.21,0.05,74224.19,1410259.56,833149.42,18912.62,50748.91,902810.95,507448.61,
TXN-0572,11/16/2025,Tomatoes,South West,Retail,Individual,86,40377.29,18953.42,0.02,69448.94,3402997.82,1629994.23,100530.34,87545.14,1818069.71,1584928.11,
TXN-0573,6/18/2025,Beans,North West,Online,Individual,57,70822.79,41378.3,0.02,80737.99,3956161.32,2358563.29,89526.89,113326.46,2561416.64,1394744.68,
TXN-0574,5/8/2025,Maize,North West,Online,Supermarket,42,69318.4,42643.14,0.1,291137.3,2620235.67,1791011.94,73778.09,66056.11,1930846.14,689389.52,
TXN-0575,3/5/2025,Tomatoes,North West,Distributor,Supermarket,43,53869.41,26274.82,0,0,2316384.77,1129817.34,109395.65,24876.43,1264089.42,1052295.36,
TXN-0576,7/22/2025,Maize,South East,Distributor,Restaurant,95,60993.11,36430.55,0.05,289717.27,5504628.08,3460902.44,168271.42,144087.67,3773261.53,1731366.54,
TXN-0577,4/13/2025,Cassava,South East,Distributor,Individual,71,57174.45,30920.31,0,0,4059386.07,2195341.99,136833.15,141067.97,2473243.1,1586142.97,
TXN-0578,9/15/2025,Rice,North West,Distributor,Restaurant,80,79078.76,53192.62,0,0,6326300.43,4255409.61,294521.24,249454.54,4799385.4,1526915.04,
TXN-0579,8/6/2025,Beans,South West,Distributor,Individual,30,67954.2,34536.43,0.02,40772.52,1997853.51,1036092.85,23158.89,55800.99,1115052.72,882800.79,
TXN-0580,2/16/2025,Cassava,South South,Wholesale,Supermarket,25,62569.39,39122.21,0,0,1564234.76,978055.13,51479.62,22082.01,1051616.77,512617.99,
TXN-0581,9/21/2025,Rice,North West,Distributor,Distributor,76,87198.08,57334.24,0.05,331352.71,6295701.44,4357402.24,75237.74,222312.95,4654952.93,1640748.5,
TXN-0582,9/6/2025,Poultry Feed,South West,Wholesale,Restaurant,14,91644.32,35451.77,0,0,1283020.53,496324.85,22286,15024.26,533635.11,749385.42,
TXN-0583,8/20/2025,Poultry Feed,North Central,Wholesale,Distributor,77,89085.23,41114.36,0.1,685956.23,6173606.09,3165806.04,170574.03,109964.85,3446344.92,2727261.18,
TXN-0584,8/8/2025,Cassava,South East,Distributor,Restaurant,11,55856.24,31584.55,0.02,12288.37,602130.32,347430.01,13386.89,19736.13,380553.03,221577.3,
TXN-0585,5/9/2025,Tomatoes,North Central,Wholesale,Retailer,58,47430.29,24971.96,0,0,2750956.72,1448373.54,112997.61,33351.89,1594723.04,1156233.67,
TXN-0586,3/28/2025,Maize,South East,Distributor,Individual,28,67920.53,40217.18,0,0,1901774.93,1126081.01,91891.56,20924.67,1238897.25,662877.68,
TXN-0587,4/15/2025,Vegetable Oil,North Central,Distributor,Supermarket,92,50133.25,23793.52,0.05,230612.97,4381646.37,2189003.91,80922.76,62776.73,2332703.41,2048942.96,
TXN-0588,1/24/2025,Tomatoes,South West,Online,Supermarket,85,43680.41,24460.89,0.02,74256.7,3638578.54,2079175.7,87439.06,127280.43,2293895.19,1344683.34,
TXN-0589,4/25/2025,Maize,South South,Online,Distributor,14,64616.62,41092.91,0.05,45231.63,859401.05,575300.79,10500,30071.33,615872.11,243528.94,
TXN-0590,9/16/2025,Poultry Feed,North West,Online,Retailer,52,92955.17,42146.38,0,0,4833668.83,2191611.85,235559.56,114009.33,2541180.74,2292488.08,
TXN-0591,10/15/2025,Cassava,South West,Retail,Supermarket,34,47493.34,25978.41,0,0,1614773.43,883265.84,43466.05,54688.1,981419.99,633353.44,
TXN-0592,11/3/2025,Eggs,North Central,Distributor,Individual,57,36392.81,14724.22,0,0,2074390.09,839280.62,34429.4,28498.91,902208.93,1172181.16,
TXN-0593,1/22/2025,Maize,North Central,Retail,Individual,51,63259.32,32602.41,0,0,3226225.21,1662722.98,147241.55,87382.04,1897346.57,1328878.64,
TXN-0594,2/18/2025,Rice,North Central,Distributor,Supermarket,62,93468.48,54102.27,0.05,289752.28,5505293.35,3354340.8,78622,183992.29,3616955.1,1888338.25,
TXN-0595,3/23/2025,Beans,North West,Distributor,Individual,9,82564.26,50210.37,0.05,37153.92,705924.39,451893.37,11994.54,25584.33,489472.24,216452.14,
TXN-0596,4/10/2025,Rice,South South,Retail,Distributor,82,90873.24,53493.84,0.05,372580.28,7079025.29,4386494.64,263498.5,134407.26,4784400.39,2294624.9,
TXN-0597,6/21/2025,Maize,South South,Online,Supermarket,66,64543.95,33323.7,0.02,85198.02,4174702.76,2199364.07,194141.22,63958.7,2457463.99,1717238.77,
TXN-0598,11/9/2025,Eggs,North Central,Retail,Retailer,96,34212.88,13832.69,0.05,164221.81,3120214.44,1327937.95,109853.4,123731.21,1561522.57,1558691.87,
TXN-0599,5/17/2025,Beans,North Central,Distributor,Supermarket,34,74112.08,43660.1,0,0,2519810.85,1484443.28,51470.83,32192.74,1568106.85,951704,
TXN-0600,3/3/2025,Maize,North West,Wholesale,Supermarket,17,76538.47,40410.39,0,0,1301154.03,686976.63,13976.02,18617.75,719570.4,581583.63,
TXN-0601,3/5/2025,Cassava,South East,Distributor,Restaurant,81,64020.48,37570.87,0.02,103713.18,5081945.85,3043240.48,199592.96,77341.68,3320175.12,1761770.73,
TXN-0602,6/11/2025,Rice,South West,Retail,Supermarket,17,81936.25,51800.46,0.05,69645.81,1323270.42,880607.79,31481.65,28726.7,940816.14,382454.28,
TXN-0603,10/25/2025,Rice,South East,Distributor,Supermarket,94,74359.06,46927.37,0,0,6989751.87,4411172.98,249875.19,128012.63,4789060.8,2200691.07,
TXN-0604,4/24/2025,Vegetable Oil,North West,Retail,Restaurant,61,57636.59,25516.4,0.02,70316.63,3445515.08,1556500.1,126014.8,69948.55,1752463.45,1693051.62,
TXN-0605,11/24/2025,Eggs,South West,Online,Restaurant,31,35759.12,15994.46,0,0,1108532.6,495828.36,29827.8,34965.39,560621.55,547911.05,
TXN-0606,8/17/2025,Tomatoes,South East,Retail,Restaurant,100,41564.99,20145.76,0.02,83129.99,4073369.33,2014575.51,175959.71,91523.86,2282059.08,1791310.25,
TXN-0607,9/26/2025,Vegetable Oil,North Central,Wholesale,Retailer,22,42925.52,20972.99,0,0,944361.33,461405.84,47053.57,23047.62,531507.02,412854.31,
TXN-0608,8/29/2025,Rice,South West,Online,Restaurant,42,75084.2,47050.78,0.02,63070.73,3090465.78,1976132.76,107393.31,38477.51,2122003.59,968462.19,
TXN-0609,7/5/2025,Vegetable Oil,South South,Retail,Restaurant,43,53134.97,26018.94,0.05,114240.19,2170563.66,1118814.23,61340.9,31436.46,1211591.59,958972.07,
TXN-0610,5/21/2025,Rice,North West,Retail,Supermarket,13,86609.3,52054.25,0.05,56296.05,1069624.89,676705.19,41091.64,24138.98,741935.81,327689.08,
TXN-0611,5/11/2025,Vegetable Oil,North Central,Online,Retailer,23,48343.34,25350.88,0,0,1111896.88,583070.22,39940.68,19306.57,642317.48,469579.41,
TXN-0612,5/9/2025,Vegetable Oil,South West,Wholesale,Restaurant,16,48026.61,21964.71,0,0,768425.7,351435.34,38052.87,16660.77,406148.98,362276.72,
TXN-0613,5/19/2025,Cassava,South West,Retail,Supermarket,19,58941.39,32944.17,0,0,1119886.45,625939.15,50591.68,43640.07,720170.89,399715.55,
TXN-0614,8/31/2025,Eggs,North West,Retail,Supermarket,30,40713.59,18742.96,0.02,24428.15,1196979.42,562288.67,13478.61,16336.56,592103.84,604875.58,
TXN-0615,12/12/2025,Vegetable Oil,South South,Distributor,Distributor,69,46083.29,24074.8,0,0,3179746.78,1661161.25,129967.19,77955.68,1869084.12,1310662.66,
TXN-0616,1/17/2025,Beans,South South,Retail,Individual,7,78127.7,46117.96,0,0,546893.91,322825.72,23081.53,19416.91,365324.17,181569.75,
TXN-0617,3/26/2025,Rice,South South,Retail,Retailer,70,93389.89,58288.19,0.02,130745.85,6406546.76,4080173.34,68414.01,248644.51,4397231.86,2009314.9,
TXN-0618,1/11/2025,Poultry Feed,North Central,Retail,Retailer,31,105113.07,45317.77,0.05,162925.26,3095579.93,1404850.81,32600.32,81291.35,1518742.48,1576837.46,
TXN-0619,1/20/2025,Beans,South West,Retail,Restaurant,29,73486.37,43141.38,0,0,2131104.85,1251099.92,34044.97,62756.15,1347901.04,783203.81,
TXN-0620,9/18/2025,Tomatoes,South South,Wholesale,Retailer,61,46592.71,24083.82,0,0,2842155.42,1469113,99683.82,50010.47,1618807.29,1223348.13,
TXN-0621,11/5/2025,Poultry Feed,South South,Retail,Retailer,76,90555.84,39069.43,0.05,344112.21,6538131.94,2969276.51,133554.46,123615.61,3226446.59,3311685.35,
TXN-0622,2/8/2025,Maize,South South,Online,Individual,13,63569.58,32575.05,0.02,16528.09,809876.4,423475.63,39224.89,30035.11,492735.63,317140.77,
TXN-0623,10/19/2025,Poultry Feed,North Central,Retail,Retailer,78,95679.89,36484.32,0.05,373151.58,7089880,2845776.98,239233.89,97934.74,3182945.62,3906934.39,
TXN-0624,8/15/2025,Eggs,North Central,Distributor,Distributor,18,37802.92,15265.35,0,0,680452.53,274776.29,19720.72,14183.77,308680.79,371771.74,
TXN-0625,4/3/2025,Maize,North West,Distributor,Distributor,86,71467.99,44199.36,0.05,307312.35,5838934.57,3801144.97,152634.42,116772.83,4070552.21,1768382.35,
TXN-0626,1/17/2025,Beans,South South,Online,Distributor,38,71050.26,35948.61,0,0,2699909.72,1366047.26,129518.04,51711.35,1547276.64,1152633.08,
TXN-0627,9/10/2025,Maize,North West,Retail,Supermarket,20,62332.29,34650.33,0,0,1246645.73,693006.52,60612.81,26579.05,780198.38,466447.35,
TXN-0628,10/15/2025,Rice,North West,Wholesale,Individual,29,75165.66,48282.51,0,0,2179804,1400192.72,58325.71,72535.05,1531053.49,648750.51,
TXN-0629,2/24/2025,Rice,South West,Retail,Restaurant,51,82252.29,54441.71,0,0,4194867.02,2776527.18,188668.01,86313.07,3051508.26,1143358.76,
TXN-0630,1/31/2025,Maize,North West,Online,Restaurant,100,62120.76,35614.49,0,0,6212075.73,3561449.13,110818.51,238003.2,3910270.85,2301804.88,
TXN-0631,12/13/2025,Vegetable Oil,North West,Online,Restaurant,22,50823.43,24116.64,0,0,1118115.35,530566.1,12882.89,35622.16,579071.14,539044.21,
TXN-0632,2/22/2025,Vegetable Oil,North Central,Wholesale,Supermarket,35,54565.5,26522.14,0.02,38195.85,1871596.68,928274.86,27336.97,51738.01,1007349.85,864246.83,
TXN-0633,4/11/2025,Tomatoes,North Central,Online,Supermarket,30,47759,25245.01,0.02,28655.4,1404114.6,757350.33,53321.8,18759.46,829431.6,574683,
TXN-0634,3/31/2025,Tomatoes,South West,Wholesale,Restaurant,12,52697.85,28835.92,0,0,632374.21,346031.06,19281.36,15569.84,380882.26,251491.95,
TXN-0635,7/10/2025,Tomatoes,South West,Retail,Individual,79,41692.24,22623.86,0.02,65873.73,3227812.98,1787284.75,49844.69,113239.32,1950368.76,1277444.22,
TXN-0636,11/2/2025,Cassava,South East,Online,Individual,82,51702.04,28695.82,0.02,84791.35,4154775.94,2353057.22,149495.98,79267.7,2581820.9,1572955.04,
TXN-0637,8/31/2025,Eggs,North West,Wholesale,Restaurant,10,37406.65,16892.76,0,0,374066.48,168927.62,6698.64,7318.43,182944.69,191121.79,
TXN-0638,12/3/2025,Poultry Feed,South West,Retail,Individual,34,98545.2,43597.82,0,0,3350536.82,1482325.9,51682.25,48143.39,1582151.54,1768385.28,
TXN-0639,10/7/2025,Beans,North Central,Online,Supermarket,90,63005.52,32938.79,0.05,283524.85,5386972.06,2964491.16,98970.76,65589.99,3129051.91,2257920.15,
TXN-0640,7/18/2025,Cassava,North West,Online,Restaurant,39,59040.07,38394.93,0,0,2302562.77,1497402.28,52088.89,77523.5,1627014.67,675548.09,
TXN-0641,4/16/2025,Eggs,South South,Distributor,Individual,95,45403.86,18451.16,0,0,4313366.62,1752860.49,132885.27,116341.25,2002087,2311279.61,
TXN-0642,10/20/2025,Maize,South East,Distributor,Individual,43,59401.99,31120.75,0.02,51085.71,2503200.03,1338192.14,37184.73,99071.71,1474448.58,1028751.44,
TXN-0643,12/30/2025,Maize,North West,Wholesale,Individual,73,64323.16,34262.76,0,0,4695590.61,2501181.5,205318.43,137704.72,2844204.65,1851385.95,
TXN-0644,12/26/2025,Tomatoes,South South,Online,Distributor,75,40563.5,21086.85,0.02,60845.25,2981417.03,1581514,120082.75,84080.39,1785677.15,1195739.88,
TXN-0645,6/22/2025,Eggs,South East,Distributor,Individual,29,40024.35,16539.01,0,0,1160706.23,479631.4,12446.54,25547.02,517624.96,643081.28,
TXN-0646,5/27/2025,Tomatoes,South West,Distributor,Retailer,14,48820.12,25242.54,0,0,683481.67,353395.54,19466.63,25350.91,398213.08,285268.59,
TXN-0647,11/6/2025,Cassava,South South,Wholesale,Individual,97,56726.96,34975.24,0.02,110050.31,5392464.95,3392598.7,151583.13,189093.29,3733275.11,1659189.83,
TXN-0648,7/2/2025,Cassava,South East,Distributor,Retailer,10,52744.37,33605.89,0.02,10548.87,516894.83,336058.94,20927.78,16234.75,373221.47,143673.36,
TXN-0649,2/9/2025,Rice,North Central,Retail,Retailer,46,89323.16,50474.37,0,0,4108865.5,2321821.12,197505.34,80499.35,2599825.81,1509039.68,
TXN-0650,8/30/2025,Cassava,South South,Wholesale,Restaurant,50,48763.06,30273.2,0,0,2438152.91,1513659.87,85938.85,36349.19,1635947.91,802205,
TXN-0651,11/6/2025,Eggs,South West,Retail,Restaurant,100,36789.69,17659.5,0.05,183948.46,3495020.78,1765949.56,102592.84,111325.76,1979868.16,1515152.62,
TXN-0652,1/9/2025,Beans,North West,Retail,Distributor,25,70769.72,35610.94,0.02,35384.86,1733858.23,890273.38,66424.33,36063.86,992761.57,741096.66,
TXN-0653,11/9/2025,Cassava,North West,Wholesale,Retailer,71,54082.71,34777.16,0,0,3839872.46,2469178.1,188755.77,82906.86,2740840.73,1099031.73,
TXN-0654,2/8/2025,Cassava,North West,Retail,Retailer,60,61346.37,39681.36,0.02,73615.64,3607166.28,2380881.45,51253.44,108794.27,2540929.17,1066237.12,
TXN-0655,8/23/2025,Vegetable Oil,South East,Distributor,Distributor,79,48825.12,22006.81,0.1,385718.43,3471465.91,1738538.05,59061.33,35768.02,1833367.39,1638098.51,
TXN-0656,2/24/2025,Tomatoes,South East,Wholesale,Restaurant,77,47344.8,26783.42,0.02,72910.99,3572638.38,2062323.57,45000.85,85642.46,2192966.88,1379671.5,
TXN-0657,5/10/2025,Rice,North West,Wholesale,Individual,64,90103.16,51179.18,0,0,5766601.96,3275467.33,249164,172538.85,3697170.18,2069431.78,
TXN-0658,1/23/2025,Rice,South South,Online,Supermarket,29,78870.1,51006.44,0.05,114361.64,2172871.23,1479186.68,105850.51,79733.71,1664770.9,508100.32,
TXN-0659,5/21/2025,Beans,South West,Retail,Supermarket,51,77906.23,44424.6,0.02,79464.36,3893753.58,2265654.74,154603.2,71617.84,2491875.78,1401877.8,
TXN-0660,3/27/2025,Maize,North Central,Wholesale,Supermarket,37,73581.8,46857.33,0,0,2722526.58,1733721.3,81478.61,54139.93,1869339.83,853186.75,
TXN-0661,12/28/2025,Poultry Feed,North West,Wholesale,Distributor,24,101418.38,43672.28,0,0,2434041.06,1048134.67,26637.36,54551.7,1129323.73,1304717.34,
TXN-0662,4/15/2025,Beans,South East,Retail,Individual,80,74486.6,37859.74,0,0,5958928.01,3028779.16,270755.12,198121.57,3497655.86,2461272.16,
TXN-0663,8/12/2025,Poultry Feed,North West,Online,Individual,39,90038.95,38159.9,0,0,3511518.9,1488236.23,137669.83,75909.84,1701815.9,1809703,
TXN-0664,4/6/2025,Rice,South West,Retail,Supermarket,14,100642.83,61983.12,0.05,70449.98,1338549.57,867763.68,43483.84,35580.14,946827.66,391721.91,
TXN-0665,11/10/2025,Rice,North Central,Wholesale,Supermarket,24,73296.15,45941.72,0,0,1759107.71,1102601.26,85761.05,43144.57,1231506.88,527600.83,
TXN-0666,5/3/2025,Poultry Feed,South West,Distributor,Restaurant,66,103596.56,44038.49,0,0,6837373.16,2906540.34,265624.96,115632.64,3287797.95,3549575.21,
TXN-0667,4/23/2025,Cassava,North West,Distributor,Retailer,63,57832.4,36730.14,0,0,3643441.24,2313998.73,114858.9,44145.76,2473003.4,1170437.84,
TXN-0668,6/26/2025,Tomatoes,South East,Distributor,Restaurant,15,49116.79,27920.3,0.02,14735.04,722016.74,418804.51,33924.93,18421.5,471150.95,250865.8,
TXN-0669,12/26/2025,Eggs,South West,Retail,Supermarket,71,37081.87,16969.96,0,0,2632812.73,1204867.16,46847.27,65135.56,1316849.98,1315962.74,
TXN-0670,6/29/2025,Maize,North West,Wholesale,Retailer,16,63081.59,37879.47,0,0,1009305.47,606071.5,25784.72,23527.96,655384.18,353921.29,
TXN-0671,1/24/2025,Cassava,North West,Retail,Restaurant,85,61192.54,37218.19,0.1,520136.57,4681229.15,3163546.08,204308.93,51863.21,3419718.22,1261510.93,
TXN-0672,8/16/2025,Tomatoes,South West,Retail,Supermarket,43,41529.4,23156.71,0,0,1785764.08,995738.63,24349,63645.08,1083732.71,702031.37,
TXN-0673,1/31/2025,Vegetable Oil,South East,Online,Supermarket,38,46326.38,20604.39,0.05,88020.12,1672382.32,782966.95,29227.04,20068.24,832262.23,840120.08,
TXN-0674,5/4/2025,Rice,South East,Wholesale,Distributor,70,87846.08,49312.84,0,0,6149225.61,3451898.54,115713.15,232186.43,3799798.12,2349427.49,
TXN-0675,11/22/2025,Tomatoes,South West,Retail,Restaurant,23,43753.71,24879.73,0.02,20126.71,986208.59,572233.9,23132.26,25218,620584.16,365624.43,
TXN-0676,6/2/2025,Rice,South East,Distributor,Restaurant,14,89143.73,52699.27,0,0,1248012.23,737789.73,41716.27,12798.2,792304.2,455708.03,
TXN-0677,7/25/2025,Maize,North West,Wholesale,Distributor,40,72217.28,39072.68,0,0,2888691.08,1562907.08,50126.06,78884.62,1691917.76,1196773.33,
TXN-0678,9/17/2025,Beans,North West,Distributor,Distributor,93,71669.18,40172.8,0,0,6665233.76,3736070.1,111821.93,193989.26,4041881.29,2623352.47,
TXN-0679,5/24/2025,Vegetable Oil,South East,Retail,Distributor,96,56720.7,26971.91,0.02,108903.75,5336283.8,2589303.31,248158.4,193247.33,3030709.05,2305574.75,
TXN-0680,5/30/2025,Maize,North West,Wholesale,Retailer,9,66598.96,40709.91,0,0,599390.61,366389.22,13226.45,12899.23,392514.9,206875.71,
TXN-0681,4/4/2025,Poultry Feed,North West,Online,Individual,32,110174.09,49901.86,0,0,3525570.91,1596859.55,112915.64,135148.92,1844924.12,1680646.79,
TXN-0682,7/22/2025,Eggs,South West,Wholesale,Restaurant,74,41796.96,19787.16,0,0,3092975.37,1464249.57,41662.21,87108.5,1593020.28,1499955.09,
TXN-0683,5/14/2025,Beans,South West,Wholesale,Retailer,92,79916.49,43544.65,0,0,7352317.22,4006108.23,163427.94,189212.01,4358748.17,2993569.04,
TXN-0684,9/3/2025,Vegetable Oil,South East,Distributor,Individual,62,48318.39,23945.05,0.02,59914.81,2935825.54,1484592.94,111505.93,65646.62,1661745.48,1274080.05,
TXN-0685,10/14/2025,Cassava,South West,Wholesale,Restaurant,60,49972.55,32367.54,0.02,59967.06,2938385.8,1942052.3,39421.68,69034.79,2050508.77,887877.04,
TXN-0686,9/28/2025,Vegetable Oil,South East,Wholesale,Supermarket,60,43492.09,20256.84,0.05,130476.28,2479049.37,1215410.64,113665.08,75787.97,1404863.68,1074185.68,
TXN-0687,3/12/2025,Maize,North Central,Wholesale,Retailer,92,69905.32,40902.84,0,0,6431289.89,3763061.04,102843.31,76965.64,3942869.99,2488419.91,
TXN-0688,3/6/2025,Beans,South West,Wholesale,Restaurant,89,82322.86,49630.84,0.05,366336.72,6960397.72,4417144.8,162038.25,225052.38,4804235.44,2156162.28,
TXN-0689,5/9/2025,Maize,North Central,Wholesale,Individual,73,64521.95,39770.63,0.02,94202.04,4615899.96,2903255.64,158320.15,118604.35,3180180.15,1435719.81,
TXN-0690,1/26/2025,Vegetable Oil,North Central,Retail,Retailer,79,52458.27,23872.15,0.02,82884.06,4061319.16,1885899.74,43232.69,86017.58,2015150.01,2046169.15,
TXN-0691,10/12/2025,Cassava,South West,Retail,Supermarket,18,50754.45,28698,0,0,913580.02,516564.03,26760.27,28857.6,572181.9,341398.12,
TXN-0692,2/25/2025,Rice,South West,Wholesale,Retailer,34,81767.52,44656.01,0,0,2780095.55,1518304.38,72994.89,98798.58,1690097.85,1089997.71,
TXN-0693,3/14/2025,Rice,North West,Retail,Individual,44,89784.44,55087.63,0,0,3950515.43,2423855.75,73996.82,54965.66,2552818.23,1397697.2,
TXN-0694,7/20/2025,Poultry Feed,North Central,Distributor,Distributor,20,102073.08,38438.55,0.05,102073.08,1939388.59,768770.99,52570.55,54073.87,875415.41,1063973.18,
TXN-0695,8/2/2025,Maize,North West,Retail,Retailer,70,67482.63,38400.93,0,0,4723783.78,2688065.09,223615.44,96071.83,3007752.37,1716031.41,
TXN-0696,2/6/2025,Cassava,South West,Online,Restaurant,92,63359.84,34884.87,0,0,5829105.37,3209408.35,191238.31,209004.41,3609651.07,2219454.31,
TXN-0697,11/17/2025,Beans,South South,Wholesale,Supermarket,61,71366.53,36173.37,0,0,4353358.43,2206575.65,145811,66285.63,2418672.28,1934686.15,
TXN-0698,10/8/2025,Cassava,North Central,Retail,Restaurant,67,51259.88,27492.77,0.02,68688.24,3365723.65,1842015.4,114680.48,40169.99,1996865.88,1368857.78,
TXN-0699,6/18/2025,Maize,South West,Wholesale,Individual,40,70449.09,38333.09,0,0,2817963.75,1533323.53,85817.04,96375.98,1715516.55,1102447.19,
TXN-0700,7/23/2025,Eggs,North West,Retail,Restaurant,33,37336.62,16959.27,0,0,1232108.49,559655.99,33322.24,32736.69,625714.92,606393.57,
TXN-0701,7/7/2025,Poultry Feed,South East,Online,Retailer,38,-5000,46028.04,0.02,78049.55,3824427.87,1749065.44,164586.28,73066.14,1986717.86,1837710.01,
TXN-0702,11/29/2025,Rice,North West,Wholesale,Retailer,32,87996.96,51766.15,0,0,2815902.68,1656516.72,87497.66,32982.59,1776996.98,1038905.71,
TXN-0703,10/11/2025,Tomatoes,North Central,Wholesale,Supermarket,68,44709.45,24241.28,0,0,3040242.51,1648407.02,70984.09,59266.68,1778657.8,1261584.71,
TXN-0704,7/17/2025,Beans,North Central,Retail,Individual,52,73110.91,37207.94,0,0,3801767.21,1934812.69,179824.19,136046.58,2250683.46,1551083.75,
TXN-0705,8/3/2025,Rice,South East,Online,Restaurant,98,87274.47,50403.77,0,0,8552898.29,4939569.07,262608.01,117457.18,5319634.25,3233264.04,
TXN-0706,9/2/2025,Rice,North West,Online,Distributor,48,87315.18,58406.97,0,0,4191128.71,2803534.44,103376.32,119755.81,3026666.57,1164462.14,
TXN-0707,10/26/2025,Beans,South South,Online,Retailer,54,62545.87,31480.73,0.05,168873.84,3208603.01,1699959.5,56936.51,72156.82,1829052.83,1379550.18,
TXN-0708,11/22/2025,Cassava,North Central,Retail,Retailer,23,55093.1,29230.25,0,0,1267141.37,672295.74,44499.91,23132.56,739928.22,527213.15,
TXN-0709,3/16/2025,Eggs,South West,Retail,Retailer,23,44001.7,18443.68,0,0,1012039.09,424204.64,39070.25,19682.7,482957.59,529081.49,
TXN-0710,5/24/2025,Maize,North Central,Retail,Retailer,81,74130.01,41017.09,0,0,6004530.55,3322384.29,128476.12,146201.37,3597061.78,2407468.77,
TXN-0711,4/6/2025,Vegetable Oil,South West,Distributor,Distributor,69,49827.44,22739.75,0,0,3438093.34,1569042.93,164092.75,130482.32,1863618,1574475.33,
TXN-0712,2/14/2025,Vegetable Oil,South South,Wholesale,Supermarket,45,54919.59,28591.61,0,0,2471381.53,1286622.4,73324.7,91162.07,1451109.16,1020272.36,
TXN-0713,4/14/2025,Maize,North Central,Retail,Retailer,67,74139.16,45965.4,0.02,99346.47,4867977.14,3079681.96,197220.82,160439.35,3437342.13,1430635.01,
TXN-0714,8/16/2025,Vegetable Oil,South East,Online,Distributor,80,51405.5,22802.43,0,0,4112439.97,1824194.59,89135.85,62438.02,1975768.47,2136671.51,
TXN-0715,1/4/2025,Eggs,South South,Wholesale,Individual,52,35328.33,14725.46,0.02,36741.46,1800331.6,765723.91,62331.27,20139.81,848195,952136.61,
TXN-0716,1/4/2025,Rice,South West,Distributor,Restaurant,81,86897.04,49294.72,0,0,7038660.27,3992872.46,195869.53,80807.25,4269549.24,2769111.03,
TXN-0717,9/2/2025,Cassava,North West,Distributor,Distributor,62,53165.23,31844.6,0,0,3296243.97,1974365.18,42506.96,61676.17,2078548.32,1217695.66,
TXN-0718,6/7/2025,Eggs,North Central,Distributor,Restaurant,85,40103.1,17654.61,0,0,3408763.85,1500641.62,145813.04,70884.38,1717339.04,1691424.8,
TXN-0719,2/28/2025,Eggs,South West,Distributor,Supermarket,53,40558.11,17665.99,0.1,214957.99,1934621.89,936297.31,69035.84,36650.47,1041983.62,892638.27,
TXN-0720,10/6/2025,Vegetable Oil,South South,Wholesale,Individual,50,45723.83,22416.63,0.05,114309.57,2171881.91,1120831.69,47131.14,32630.6,1200593.43,971288.47,
TXN-0721,2/21/2025,Vegetable Oil,South East,Retail,Restaurant,26,51283.89,26724.92,0.05,66669.06,1266712.07,694847.85,55357.07,24189.45,774394.36,492317.71,
TXN-0722,3/2/2025,Poultry Feed,South West,Retail,Distributor,65,98345.65,38529,0,0,6392467.43,2504385.14,301342.9,175103.19,2980831.23,3411636.2,
TXN-0723,12/4/2025,Rice,South South,Wholesale,Retailer,95,85865.23,51439.16,0,0,8157197.26,4886720.2,306719.04,176321.88,5369761.12,2787436.14,
TXN-0724,4/21/2025,Poultry Feed,North Central,Retail,Individual,41,99531.91,44198.71,0,0,4080808.31,1812147,72070.56,102542.16,1986759.71,2094048.6,
TXN-0725,1/9/2025,Beans,South South,Retail,Individual,85,74169.94,44014.59,0.1,630444.52,5674000.7,3741240.27,236642.71,159519.38,4137402.35,1536598.35,
TXN-0726,7/26/2025,Beans,North Central,Online,Retailer,28,68432.09,39344.24,0,0,1916098.42,1101638.81,64057.34,52890.14,1218586.28,697512.13,
TXN-0727,5/20/2025,Cassava,South South,Online,Distributor,67,61911.29,39096.01,0,0,4148056.61,2619432.56,148674.14,60222.85,2828329.55,1319727.06,
TXN-0728,3/30/2025,Vegetable Oil,South West,Distributor,Retailer,85,52219.45,26900.51,0,0,4438653.18,2286543.16,209481.43,108808.73,2604833.33,1833819.86,
TXN-0729,4/4/2025,Vegetable Oil,North Central,Distributor,Retailer,94,57136.23,29825.88,0,0,5370805.2,2803633.08,199169.6,179145.77,3181948.45,2188856.75,
TXN-0730,4/21/2025,Eggs,South West,Retail,Restaurant,6,39027.75,16161.76,0,0,234166.49,96970.54,6392.16,6719.45,110082.14,124084.35,
TXN-0731,12/28/2025,Poultry Feed,South East,Retail,Retailer,94,97370.51,39007.63,0.05,457641.4,8695186.55,3666717.1,237471.49,213254.1,4117442.69,4577743.87,
TXN-0732,6/1/2025,Cassava,South West,Wholesale,Restaurant,45,64002.16,37865.1,0.05,144004.85,2736092.23,1703929.31,76863.84,30904.46,1811697.61,924394.63,
TXN-0733,11/15/2025,Maize,North West,Distributor,Retailer,74,55767.83,29897.05,0.1,412681.95,3714137.58,2212381.87,128271.73,66297.88,2406951.48,1307186.1,
TXN-0734,5/15/2025,Poultry Feed,North Central,Retail,Distributor,43,108164.07,42096.69,0,0,4651055.14,1810157.84,174582.25,68619.68,2053359.77,2597695.37,
TXN-0735,2/25/2025,Beans,North West,Retail,Restaurant,96,70585.93,41505.86,0,0,6776249.07,3984562.44,280341.51,186467.44,4451371.38,2324877.69,
TXN-0736,8/10/2025,Maize,South East,Retail,Retailer,66,59558.92,36116.41,0.05,196544.43,3734344.17,2383682.86,120115.35,96399.92,2600198.14,1134146.03,
TXN-0737,10/15/2025,Poultry Feed,North Central,Online,Distributor,13,97610.4,42717.23,0.05,63446.76,1205488.42,555323.93,43696.69,29112.42,628133.04,577355.38,
TXN-0738,6/29/2025,Poultry Feed,North Central,Distributor,Distributor,89,103103.99,45442.63,0,0,9176255,4044393.67,444998.93,336829.31,4826221.91,4350033.09,
TXN-0739,3/20/2025,Eggs,South East,Wholesale,Individual,77,42103.37,19715.28,0,0,3241959.21,1518076.65,114015.71,100433.91,1732526.27,1509432.94,
TXN-0740,5/3/2025,Rice,South West,Retail,Individual,62,88012.6,53818.22,0.05,272839.06,5183942.17,3336729.64,130292.7,168435.47,3635457.81,1548484.36,
TXN-0741,10/7/2025,Tomatoes,South West,Online,Restaurant,33,40022.41,20189.46,0.05,66036.98,1254702.65,666252.09,51253.34,21132.97,738638.4,516064.25,
TXN-0742,11/19/2025,Poultry Feed,South West,Wholesale,Retailer,74,92044.61,38781.51,0,0,6811301.39,2869832.08,205682.99,104160.85,3179675.93,3631625.47,
TXN-0743,7/15/2025,Poultry Feed,North Central,Distributor,Restaurant,87,94411.34,36076.63,0,0,8213786.31,3138666.47,119135.79,312285.06,3570087.32,4643698.99,
TXN-0744,9/18/2025,Vegetable Oil,North West,Wholesale,Individual,92,49164.55,25295.17,0,0,4523138.48,2327155.73,199788.49,151294.75,2678238.96,1844899.52,
TXN-0745,7/22/2025,Tomatoes,North Central,Retail,Supermarket,51,49914.68,24238.34,0,0,2545648.71,1236155.47,56236.1,93813.66,1386205.22,1159443.48,
TXN-0746,8/9/2025,Eggs,South South,Retail,Restaurant,47,33629.53,14790.16,0,0,1580587.81,695137.75,50191.75,31859.31,777188.81,803399,
TXN-0747,9/6/2025,Cassava,South West,Online,Restaurant,93,51538.08,32786.69,0.05,239652.06,4553389.11,3049162.53,67346.44,118196.83,3234705.79,1318683.32,
TXN-0748,6/14/2025,Tomatoes,North Central,Distributor,Restaurant,69,50660.19,28127.98,0.05,174777.66,3320775.57,1940830.68,68445.85,123262.51,2132539.04,1188236.53,
TXN-0749,7/6/2025,Maize,South West,Retail,Restaurant,25,65578.24,35615.73,0,0,1639455.99,890393.32,60328.93,16414.31,967136.56,672319.44,
TXN-0750,10/14/2025,Eggs,North Central,Retail,Restaurant,82,35279.11,17098.68,0,0,2892886.73,1402091.86,43194.72,41725.78,1487012.36,1405874.37,
TXN-0751,2/17/2025,Maize,North Central,Distributor,Distributor,64,72515.91,46196.66,0.02,92820.37,4548198.09,2956586.19,54661.26,59749.16,3070996.61,1477201.48,
TXN-0752,12/23/2025,Cassava,North Central,Wholesale,Retailer,52,51569.84,33685.01,0.05,134081.57,2547549.89,1751620.55,99086.8,31436.3,1882143.64,665406.25,
TXN-0753,10/8/2025,Rice,South West,Wholesale,Supermarket,53,82159.85,48738.1,0.1,435447.19,3919024.73,2583119.56,164852.91,113308.91,2861281.38,1057743.35,
TXN-0754,3/2/2025,Vegetable Oil,South South,Retail,Individual,54,55770.27,25309.86,0.05,150579.73,2861014.8,1366732.27,32182.25,111596.65,1510511.16,1350503.63,
TXN-0755,12/2/2025,Poultry Feed,North West,Retail,Distributor,68,84620.69,36396.49,0,0,5754206.59,2474961.46,275952.46,100008.07,2850921.99,2903284.59,
TXN-0756,3/30/2025,Rice,North West,Retail,Supermarket,31,97120.89,61753.45,0,0,3010747.57,1914356.81,41892.38,82147.58,2038396.78,972350.79,
TXN-0757,8/25/2025,Eggs,North Central,Retail,Distributor,78,39278.63,19139.56,0,0,3063732.99,1492885.89,148354.35,43748.98,1684989.21,1378743.78,
TXN-0758,10/19/2025,Cassava,South East,Wholesale,Retailer,79,49261.88,28968.62,0,0,3891688.21,2288520.88,148918.18,148737.21,2586176.27,1305511.94,
TXN-0759,10/29/2025,Beans,North Central,Wholesale,Distributor,30,61947.56,35708.23,0,0,1858426.86,1071246.88,71863.03,57945.21,1201055.12,657371.74,
TXN-0760,6/5/2025,Poultry Feed,North West,Wholesale,Distributor,70,100383.47,40563.39,0,0,7026842.65,2839437.22,233046.59,110126.99,3182610.8,3844231.85,
TXN-0761,1/2/2025,Eggs,South West,Retail,Restaurant,81,35879.3,14487.74,0,0,2906223.38,1173507.05,75885.62,80398.66,1329791.33,1576432.05,
TXN-0762,2/23/2025,Rice,North Central,Online,Restaurant,54,92270.77,53903.26,0.05,249131.09,4733490.69,2910776.08,51918.07,96838.1,3059532.26,1673958.43,
TXN-0763,10/14/2025,Poultry Feed,North Central,Distributor,Individual,57,81484.91,31340.31,0.05,232231.99,4412407.75,1786397.43,165204.82,77204.13,2028806.38,2383601.37,
TXN-0764,12/3/2025,Maize,South East,Wholesale,Distributor,63,65764.75,41711.77,0,0,4143179.15,2627841.38,140390.24,94156.03,2862387.65,1280791.51,
TXN-0765,2/14/2025,Poultry Feed,North West,Distributor,Distributor,56,101633.7,40425.81,0,0,5691487.18,2263845.42,76473.19,178846.87,2519165.48,3172321.7,
TXN-0766,11/21/2025,Eggs,North Central,Distributor,Individual,55,36458.72,16340.35,0.02,40104.59,1965125.12,898719.27,23983.14,71994.69,994697.11,970428.01,
TXN-0767,10/1/2025,Poultry Feed,North Central,Retail,Restaurant,99,94699.04,42376.74,0,0,9375205.15,4195297.24,416563.19,95283.13,4707143.55,4668061.6,
TXN-0768,7/8/2025,Cassava,South South,Distributor,Retailer,18,58889.71,38522.38,0.05,53000.74,1007014.07,693402.76,44001.33,33048.39,770452.48,236561.59,
TXN-0769,10/4/2025,Cassava,South East,Retail,Restaurant,45,51193.54,31604.89,0,0,2303709.16,1422220.03,31698.2,43129.28,1497047.52,806661.65,
TXN-0770,9/1/2025,Tomatoes,North Central,Retail,Retailer,26,41608.21,23389.66,0,0,1081813.5,608131.05,26978.03,23265.52,658374.6,423438.9,
TXN-0771,2/24/2025,Rice,South East,Distributor,Retailer,33,87271.31,51287.19,0,0,2879953.34,1692477.16,95910.38,89177.78,1877565.33,1002388.01,
TXN-0772,5/18/2025,Cassava,North Central,Wholesale,Distributor,7,55224.17,29553.54,0.02,7731.38,378837.82,206874.81,5016.72,11930.96,223822.49,155015.33,
TXN-0773,8/13/2025,Beans,South South,Distributor,Supermarket,65,74752.97,37845.39,0,0,4858943.37,2459950.12,114058.39,131601.91,2705610.43,2153332.95,
TXN-0774,4/6/2025,Maize,North Central,Retail,Distributor,96,77959.53,43817.94,0,0,7484114.6,4206522.36,365678.74,136863.26,4709064.36,2775050.24,
TXN-0775,5/2/2025,Vegetable Oil,South South,Wholesale,Restaurant,37,56770.65,28997.29,0.1,210051.4,1890462.63,1072899.67,20611.23,25305.25,1118816.15,771646.48,
TXN-0776,3/23/2025,Poultry Feed,South East,Retail,Individual,69,109443.73,41020.57,0,0,7551617.52,2830419.37,228303.29,202462.34,3261185,4290432.52,
TXN-0777,8/30/2025,Eggs,North West,Wholesale,Retailer,28,39733.76,17416.22,0,0,1112545.35,487654.29,28221.3,39025.94,554901.53,557643.82,
TXN-0778,7/22/2025,Vegetable Oil,North West,Wholesale,Distributor,43,46039.16,23466.34,0.05,98984.2,1880699.76,1009052.83,40804.8,68169.57,1118027.2,762672.56,
TXN-0779,8/26/2025,Tomatoes,North West,Distributor,Distributor,74,43709.5,21193.69,0.05,161725.14,3072777.73,1568333.04,104934.66,40431.47,1713699.17,1359078.56,
TXN-0780,6/3/2025,Maize,South West,Online,Retailer,99,65642.74,39163.26,0,0,6498631.51,3877162.73,125565.16,176820.2,4179548.09,2319083.42,
TXN-0781,4/20/2025,Eggs,South West,Retail,Retailer,35,41863.3,20283.43,0.05,73260.78,1391954.88,709920.22,16990.57,48188.43,775099.22,616855.66,
TXN-0782,1/19/2025,Vegetable Oil,South South,Distributor,Retailer,14,47021.18,21907.98,0,0,658296.49,306711.79,31138.37,16222.49,354072.65,304223.84,
TXN-0783,4/7/2025,Tomatoes,South West,Wholesale,Retailer,13,45879.95,23800.36,0.02,11928.79,584510.54,309404.71,15605.22,18657.79,343667.73,240842.81,
TXN-0784,2/2/2025,Tomatoes,North Central,Retail,Distributor,63,51013.61,29165.68,0.05,160692.87,3053164.52,1837437.63,129507.49,64816.18,2031761.31,1021403.22,
TXN-0785,1/25/2025,Maize,South East,Retail,Supermarket,86,70024.84,38533.31,0.05,301106.8,5721029.14,3313864.4,249581.65,202691.54,3766137.59,1954891.56,
TXN-0786,12/2/2025,Poultry Feed,South South,Distributor,Supermarket,57,87166.06,39480.74,0,0,4968465.48,2250402.09,98431.13,116521.62,2465354.84,2503110.65,
TXN-0787,3/17/2025,Eggs,South East,Online,Retailer,17,44379.33,20060.36,0,0,754448.53,341026.16,28386.06,19165.28,388577.5,365871.03,
TXN-0788,7/29/2025,Maize,South South,Distributor,Individual,49,67641.89,37334.54,0.1,331445.25,2983007.25,1829392.68,109458.61,33753.94,1972605.22,1010402.03,
TXN-0789,8/30/2025,Vegetable Oil,South West,Retail,Restaurant,93,51373.2,21951.01,0,0,4777708.03,2041444.21,88462.94,156130.6,2286037.76,2491670.27,
TXN-0790,8/3/2025,Rice,North Central,Wholesale,Individual,6,87785.37,48135.81,0.05,26335.61,500376.6,288814.84,16397.97,17191.58,322404.38,177972.21,
TXN-0791,9/25/2025,Rice,South East,Distributor,Distributor,45,82944.4,45688.47,0.02,74649.96,3657848.13,2055981.32,150392.82,91485.53,2297859.67,1359988.47,
TXN-0792,9/19/2025,Rice,North West,Distributor,Restaurant,14,86562.77,51270.64,0.05,60593.94,1151284.89,717789.01,37364.07,42004.74,797157.81,354127.07,
TXN-0793,7/29/2025,Tomatoes,South West,Wholesale,Retailer,33,44024.29,21489.72,0.05,72640.08,1380161.59,709160.84,23321.77,37801.21,770283.83,609877.77,
TXN-0794,8/20/2025,Poultry Feed,South East,Wholesale,Restaurant,79,86993.79,37143.19,0.02,137450.19,6735059.39,2934311.83,220780.98,216535.78,3371628.59,3363430.8,
TXN-0795,5/27/2025,Poultry Feed,South South,Wholesale,Retailer,45,102839.89,46037.18,0.05,231389.75,4396405.2,2071672.93,90504.31,137774.44,2299951.68,2096453.52,
TXN-0796,3/19/2025,Beans,South West,Wholesale,Individual,87,79362.34,46560.49,0,0,6904523.33,4050762.53,301254.04,75969.06,4427985.63,2476537.69,
TXN-0797,11/12/2025,Vegetable Oil,North West,Wholesale,Distributor,27,43095.27,22400.74,0,0,1163572.25,604819.85,57504.86,30976.33,693301.05,470271.2,
TXN-0798,9/14/2025,Tomatoes,North Central,Distributor,Distributor,70,39702.09,18604.27,0,0,2779146.15,1302298.99,131584.67,73012.61,1506896.26,1272249.89,
TXN-0799,3/27/2025,Eggs,North Central,Retail,Restaurant,6,38093.78,17475.56,0.05,11428.13,217134.54,104853.38,3983.57,6504.96,115341.91,101792.63,
TXN-0800,1/24/2025,Vegetable Oil,South West,Retail,Restaurant,99,47051.82,22177.13,0.02,93162.6,4564967.62,2195535.57,76923.98,147216.25,2419675.81,2145291.81,
TXN-0801,10/25/2025,Maize,South West,Retail,Retailer,40,56549.13,31931.91,0,0,2261965.17,1277276.29,90331.6,40401.07,1408008.97,853956.21,
TXN-0802,1/18/2025,Beans,South South,Retail,Distributor,47,76511.83,43920.92,0.02,71921.12,3524135.02,2064283.47,75069.84,75207.68,2214560.98,1309574.04,
TXN-0803,9/26/2025,Rice,South East,Wholesale,Distributor,26,76720.98,45254.13,0,0,1994745.5,1176607.36,22001.44,40356.57,1238965.37,755780.13,
TXN-0804,6/12/2025,Poultry Feed,North West,Online,Individual,29,103511.87,41001.24,0,0,3001844.29,1189035.85,77999.74,106784.34,1373819.94,1628024.35,
TXN-0805,9/10/2025,Beans,South West,Wholesale,Distributor,64,74445.17,42222.41,0.05,238224.54,4526266.27,2702234.37,82090.72,65209.13,2849534.22,1676732.06,
TXN-0806,11/9/2025,Vegetable Oil,North Central,Retail,Distributor,45,47091.71,21474.67,0,0,2119127.08,966360.03,105169.1,36933.23,1108462.37,1010664.7,
TXN-0807,2/13/2025,Maize,South South,Retail,Retailer,64,68697.66,39091.2,0,0,4396650.48,2501836.97,147137.66,126320.96,2775295.59,1621354.89,
TXN-0808,8/23/2025,Poultry Feed,South West,Wholesale,Retailer,43,96950.47,40820.23,0.05,208443.51,3960426.76,1755269.75,186866.1,61491.95,2003627.8,1956798.96,
TXN-0809,5/1/2025,Cassava,North West,Wholesale,Individual,99,56531.05,36389.37,0,0,5596573.78,3602548.04,157971.31,157660.95,3918180.3,1678393.48,
TXN-0810,11/16/2025,Vegetable Oil,North West,Online,Supermarket,17,41701.29,19660.96,0.05,35446.1,673475.89,334236.3,23289.9,23548,381074.21,292401.68,
TXN-0811,5/26/2025,Eggs,North Central,Retail,Restaurant,11,43804.18,18629.02,0,0,481845.99,204919.24,12935.04,10752.72,228607,253239,
TXN-0812,8/20/2025,Beans,North Central,Retail,Restaurant,99,66329.36,32762.3,0.02,131332.13,6435274.45,3243467.3,145791.25,252226.34,3641484.89,2793789.55,
TXN-0813,5/26/2025,Maize,North central,Retail,Restaurant,12,74736.75,45289.91,0,0,896841.01,543478.96,30882.18,32409.99,606771.13,290069.88,
TXN-0814,1/4/2025,Beans,North West,Wholesale,Restaurant,15,67591.03,37577.26,0.02,20277.31,993588.21,563658.88,29575.45,31751.3,624985.63,368602.58,
TXN-0815,4/17/2025,Poultry Feed,South South,Wholesale,Retailer,31,110841.71,45489.19,0,0,3436092.88,1410164.76,151018.7,107143.37,1668326.83,1767766.06,
TXN-0816,1/21/2025,Rice,South South,Wholesale,Supermarket,87,82775.04,54229.85,0,0,7201428.11,4717996.57,357793.5,100175.83,5175965.9,2025462.21,
TXN-0817,8/3/2025,Rice,North Central,Distributor,Supermarket,71,82125.72,52422.05,0.02,116618.52,5714307.54,3721965.23,232910.65,133732.48,4088608.36,1625699.18,
TXN-0818,8/23/2025,Beans,South West,Retail,Individual,99,66057.3,33200.75,0.05,326983.65,6212689.26,3286874,126904.46,221174.19,3634952.66,2577736.61,
TXN-0819,9/2/2025,Tomatoes,South East,Retail,Individual,73,41246.83,23486.65,0,0,3011018.57,1714525.72,83719.16,40329.82,1838574.7,1172443.87,
TXN-0820,1/29/2025,Beans,South South,Online,Restaurant,58,79218.13,40638.5,0,0,4594651.69,2357033.23,71836.2,132088.49,2560957.92,2033693.77,
TXN-0821,11/7/2025,Vegetable Oil,South West,Wholesale,Supermarket,11,41806.19,20719.66,0.05,22993.4,436874.67,227916.23,18811.01,16344.77,263072.02,173802.65,
TXN-0822,12/14/2025,Poultry Feed,South South,Retail,Individual,97,88669.11,40816.88,0.05,430045.19,8170858.6,3959237.28,123711.92,88120.67,4171069.87,3999788.72,
TXN-0823,6/7/2025,Vegetable Oil,South West,Online,Distributor,95,46768.93,21035.41,0,0,4443048.28,1998363.77,50809.41,166373.2,2215546.39,2227501.89,
TXN-0824,11/25/2025,Rice,South East,Distributor,Distributor,97,84708.62,51384.24,0,0,8216735.81,4984271.57,240852.28,161805.05,5386928.89,2829806.92,
TXN-0825,6/12/2025,Beans,North West,Distributor,Retailer,34,72310.51,38075.69,0,0,2458557.19,1294573.57,36072.36,44732.93,1375378.86,1083178.33,
TXN-0826,7/15/2025,Eggs,North West,Distributor,Retailer,34,37266.57,16031.67,0.1,126706.34,1140357.08,545076.82,16054.06,25246.77,586377.65,553979.44,
TXN-0827,10/31/2025,Cassava,South East,Retail,Supermarket,6,55046.81,32321.2,0.02,6605.62,323675.24,193927.23,6101.12,9811.31,209839.66,113835.58,
TXN-0828,7/19/2025,Poultry Feed,South West,Wholesale,Restaurant,25,91317.74,35859.24,0,0,2282943.61,896481.12,76629.87,53952.05,1027063.04,1255880.58,
TXN-0829,6/11/2025,Tomatoes,South East,Retail,Supermarket,86,46596.02,25554.26,0.05,200362.87,3806894.47,2197666.73,167656.21,126830.98,2492153.92,1314740.55,
TXN-0830,1/10/2025,Eggs,South West,Retail,Retailer,68,42120.4,20381.98,0,0,2864187.21,1385974.68,113894.6,97880.12,1597749.4,1266437.81,
TXN-0831,2/4/2025,Poultry Feed,South West,Distributor,Retailer,87,94367.28,43251.23,0.02,164199.08,8045754.69,3762856.71,338363.1,176435.75,4277655.56,3768099.13,
TXN-0832,5/16/2025,Vegetable Oil,North Central,Wholesale,Individual,43,53704.73,24143.05,0.05,115465.17,2193838.27,1038151.32,36835.29,85492.99,1160479.6,1033358.67,
TXN-0833,3/7/2025,Rice,South West,Retail,Retailer,88,93991.28,56866.07,0,0,8271232.5,5004214.45,325133.35,252903.59,5582251.39,2688981.11,
TXN-0834,2/10/2025,Poultry Feed,North West,Wholesale,Restaurant,19,109293.07,50003.03,0,0,2076568.4,950057.66,85361.94,66790.83,1102210.44,974357.96,
TXN-0835,10/19/2025,Rice,South West,Online,Restaurant,84,85773.59,56890.96,0,0,7204981.94,4778840.39,240895.13,283028.62,5302764.14,1902217.8,
TXN-0836,12/10/2025,Tomatoes,South South,Retail,Distributor,64,43552.12,22842.92,0.05,139366.79,2647969.06,1461947,131155.19,57369.69,1650471.89,997497.17,
TXN-0837,8/23/2025,Eggs,South East,Wholesale,Supermarket,61,37171.87,17451.77,0.05,113374.2,2154109.77,1064558.14,64590.41,41265.07,1170413.62,983696.16,
TXN-0838,2/11/2025,Tomatoes,South West,Wholesale,Supermarket,70,49899.12,24216.33,0,0,3492938.67,1695143.35,108956.48,65316.63,1869416.46,1623522.21,
TXN-0839,3/26/2025,Beans,North Central,Distributor,Retailer,67,70832.98,36014.22,0.05,237290.49,4508519.33,2412952.53,201504.6,76682.12,2691139.25,1817380.08,
TXN-0840,7/23/2025,Rice,South West,Online,Distributor,56,89784.83,49764.7,0,0,5027950.5,2786823.38,244120.6,131578.58,3162522.57,1865427.93,
TXN-0841,7/27/2025,Maize,North Central,Distributor,Supermarket,14,64661.2,40849.08,0,0,905256.85,571887.07,20050.49,34066.7,626004.26,279252.59,
TXN-0842,3/30/2025,Poultry Feed,North West,Distributor,Individual,52,95600.62,41575.3,0,0,4971232.47,2161915.44,222697.21,68532.68,2453145.32,2518087.15,
TXN-0843,9/29/2025,Vegetable Oil,South West,Wholesale,Retailer,99,47551.29,24794.46,0,0,4707577.91,2454651.25,50748.19,160863.32,2666262.76,2041315.14,
TXN-0844,12/21/2025,Vegetable Oil,South South,Wholesale,Individual,22,44226.59,19803.65,0.02,19459.7,953525.19,435680.24,44233.15,37637.28,517550.66,435974.53,
TXN-0845,2/20/2025,Rice,North Central,Retail,Retailer,87,85285.1,50491.87,0.1,741980.4,6677823.62,4392792.31,206622.97,107789.55,4707204.83,1970618.8,
TXN-0846,5/2/2025,Beans,North West,Retail,Retailer,54,75987.59,39387.2,0,0,4103329.88,2126908.55,93011.71,124409.35,2344329.61,1759000.27,
TXN-0847,8/4/2025,Beans,South West,Distributor,Supermarket,39,76459.14,38723.9,0,0,2981906.3,1510232.29,121785.63,68753.58,1700771.5,1281134.81,
TXN-0848,11/15/2025,Rice,North West,Online,Individual,11,84819.04,46460.5,0.02,18660.19,914349.2,511065.51,23021.9,23038.4,557125.81,357223.39,
TXN-0849,7/30/2025,Eggs,North West,Retail,Restaurant,65,41581.71,17259.13,0,0,2702810.83,1121843.75,124091,55399.15,1301333.89,1401476.94,
TXN-0850,1/25/2025,Tomatoes,North West,Retail,Supermarket,10,41440.54,20448.37,0,0,414405.4,204483.69,9518.91,5524.46,219527.06,194878.34,
TXN-0851,10/15/2025,Eggs,North West,Online,Individual,90,33230.59,15495.66,0.02,59815.05,2930937.68,1394609.39,32173.12,65513.58,1492296.09,1438641.58,
TXN-0852,7/16/2025,Vegetable Oil,North West,Distributor,Supermarket,67,47911.23,24238.95,0.05,160502.62,3049549.7,1624009.53,117852.75,49180.57,1791042.85,1258506.85,
TXN-0853,6/3/2025,Cassava,North Central,Retail,Retailer,12,61702.07,33275.87,0,0,740424.81,399310.47,29865.88,7892.63,437068.98,303355.83,
TXN-0854,7/30/2025,Cassava,North Central,Distributor,Individual,52,59572.32,31947.4,0.05,154888.03,2942872.65,1661265.02,87668.68,41237.95,1790171.64,1152701.02,
TXN-0855,11/25/2025,Beans,South West,Retail,Retailer,13,69810.07,35944.46,0,0,907530.97,467277.98,9987.91,28757.77,506023.66,401507.31,
TXN-0856,4/24/2025,Vegetable Oil,South East,Retail,Distributor,46,48465.32,23083.91,0.1,222940.49,2006464.43,1061859.93,75700.66,24333.37,1161893.95,844570.48,
TXN-0857,2/6/2025,Beans,South East,Distributor,Supermarket,44,79346.93,41133.24,0,0,3491264.94,1809862.46,101863.35,88716.94,2000442.75,1490822.18,
TXN-0858,2/16/2025,Vegetable Oil,North Central,Wholesale,Supermarket,23,53497.29,27080.74,0.02,24608.75,1205828.99,622856.92,59612.45,35208.63,717678,488150.99,
TXN-0859,5/26/2025,Maize,South South,Online,Supermarket,59,65036.52,34620.96,0,0,3837154.71,2042636.73,54548.52,59627.61,2156812.86,1680341.85,
TXN-0860,3/13/2025,Eggs,South West,Distributor,Distributor,87,42847.38,19954.95,0.02,74554.45,3653167.82,1736080.96,168574.39,48696.16,1953351.51,1699816.32,
TXN-0861,3/10/2025,Vegetable Oil,South East,Wholesale,Restaurant,65,51966.66,27114.44,0,0,3377833.13,1762438.44,96284.36,113333.58,1972056.38,1405776.75,
TXN-0862,10/31/2025,Tomatoes,South West,Retail,Restaurant,37,44322.73,24395.1,0,0,1639940.85,902618.53,47089.88,48212.02,997920.43,642020.42,
TXN-0863,9/29/2025,Vegetable Oil,North Central,Online,Retailer,16,48546.64,22290.27,0.05,38837.32,737909,356644.35,21265.75,19063.3,396973.41,340935.6,
TXN-0864,7/11/2025,Rice,South South,Wholesale,Distributor,89,90166.53,57198.89,0.1,802482.1,7222338.91,5090701.59,321530.16,169471.83,5581703.57,1640635.34,
TXN-0865,3/6/2025,Tomatoes,South West,Distributor,Retailer,83,49447.06,25278.96,0,0,4104105.88,2098153.91,86571.48,102631.15,2287356.53,1816749.35,
TXN-0866,3/13/2025,Poultry Feed,North West,Retail,Supermarket,91,110775.73,43582.9,0,0,10080591.65,3966043.57,494161.62,201584.13,4661789.32,5418802.33,
TXN-0867,12/30/2025,Rice,North Central,Wholesale,Supermarket,87,86751.61,56657.91,0.02,150947.81,7396442.65,4929238.41,248440.31,173797.05,5351475.76,2044966.89,
TXN-0868,10/31/2025,Eggs,South South,Wholesale,Restaurant,49,38080.44,16423.34,0.05,93297.08,1772644.53,804743.85,78051.56,40270.79,923066.2,849578.33,
TXN-0869,2/7/2025,Maize,South West,Wholesale,Individual,51,72635,44128.57,0.1,370438.48,3333946.35,2250557.32,151724.48,65164.06,2467445.87,866500.48,
TXN-0870,7/27/2025,Tomatoes,South East,Wholesale,Individual,18,47073.58,26429.96,0,0,847324.43,475739.31,35022.19,15294.37,526055.87,321268.56,
TXN-0871,1/5/2025,Tomatoes,North Central,Online,Distributor,58,46689.33,21707.11,0.05,135399.05,2572582.03,1259012.38,124667.29,44769.16,1428448.83,1144133.2,
TXN-0872,8/16/2025,Tomatoes,North Central,Distributor,Supermarket,49,45394.76,22934.12,0,0,2224343.21,1123772.06,83556.04,59950.87,1267278.97,957064.24,
TXN-0873,6/25/2025,Eggs,North Central,Distributor,Retailer,59,43614.36,21208.59,0.02,51464.94,2521782.01,1251306.63,45172.62,89021.93,1385501.18,1136280.83,
TXN-0874,1/8/2025,Eggs,South East,Distributor,Retailer,58,41066.92,20310.25,0,0,2381881.22,1177994.64,65432.87,60989.07,1304416.58,1077464.63,
TXN-0875,4/25/2025,Eggs,North Central,Retail,Restaurant,20,41397.87,17094.8,0.05,41397.87,786559.46,341895.99,30043.78,9876.05,381815.82,404743.64,
TXN-0876,10/30/2025,Rice,North West,Wholesale,Individual,13,78505.19,46221.57,0,0,1020567.53,600880.4,15787.58,33598.21,650266.2,370301.33,
TXN-0877,3/17/2025,Rice,North Central,Distributor,Retailer,44,100725.62,66874.15,0,0,4431927.47,2942462.42,103367.99,101031.86,3146862.27,1285065.19,
TXN-0878,9/16/2025,Rice,North West,Retail,Restaurant,97,83712.97,54659.76,0,0,8120158.2,5301996.59,198184.53,317061.63,5817242.75,2302915.46,
TXN-0879,12/7/2025,Rice,South South,Wholesale,Restaurant,43,80283.25,46564.32,0.1,345217.98,3106961.83,2002265.7,145815.87,73695.58,2221777.15,885184.69,
TXN-0880,6/28/2025,Beans,South West,Distributor,Distributor,10,70503.9,38979.49,0.02,14100.78,690938.19,389794.93,21554.38,15028.09,426377.4,264560.79,
TXN-0881,1/25/2025,Beans,South South,Retail,Retailer,47,77577.82,43404.21,0,0,3646157.7,2039997.96,56333.22,133547.42,2229878.6,1416279.1,
TXN-0882,2/3/2025,Cassava,South South,Wholesale,Distributor,34,62454.77,37879.94,0,0,2123462.09,1287917.81,90532.13,72361.08,1450811.02,672651.07,
TXN-0883,8/9/2025,Poultry Feed,North Central,Online,Distributor,53,91440.67,37223.6,0.02,96927.11,4749428.26,1972850.62,60240.56,132087.17,2165178.35,2584249.91,
TXN-0884,4/3/2025,Tomatoes,South West,Wholesale,Retailer,57,51358.95,28155.49,0,0,2927460.39,1604862.77,38547.21,72117.06,1715527.04,1211933.35,
TXN-0885,9/12/2025,Beans,North West,Wholesale,Individual,6,65412.93,40288.85,0,0,392477.55,241733.11,9086.67,11687.92,262507.7,129969.85,
TXN-0886,7/31/2025,Rice,North Central,Retail,Supermarket,77,80000.57,43851.78,0.05,308002.18,5852041.46,3376587.23,90799.09,194751.88,3662138.2,2189903.26,
TXN-0887,11/21/2025,Rice,South West,Retail,Individual,7,84440.03,52997.03,0.02,11821.6,579258.58,370979.18,5993.45,21910.75,398883.38,180375.2,
TXN-0888,1/9/2025,Rice,North West,Wholesale,Restaurant,57,90340.6,59902.33,0,0,5149414.4,3414432.89,144502.25,114526.08,3673461.23,1475953.17,
TXN-0889,4/15/2025,Poultry Feed,South West,Retail,Retailer,51,101149.35,41343.29,0.02,103172.33,5055444.26,2108507.92,233132.15,110383.29,2452023.36,2603420.9,
TXN-0890,5/20/2025,Vegetable Oil,South East,Wholesale,Distributor,5,55888.6,27044.32,0.1,27944.3,251498.69,135221.61,8917.43,8808.33,152947.36,98551.33,
TXN-0891,3/30/2025,Eggs,South South,Retail,Supermarket,26,44652.09,20080.59,0.1,116095.43,1044858.87,522095.36,44302.76,27867.58,594265.7,450593.17,
TXN-0892,5/23/2025,Tomatoes,South South,Wholesale,Distributor,100,46919.05,22892.74,0,0,4691904.78,2289274.16,131213.47,108869.19,2529356.82,2162547.96,
TXN-0893,1/1/2025,Poultry Feed,South East,Retail,Supermarket,48,95242.41,37206.13,0.02,91432.71,4480202.88,1785894.44,111371.27,105138.5,2002404.21,2477798.66,
TXN-0894,5/24/2025,Eggs,South South,Wholesale,Supermarket,10,37448.72,18161.98,0.05,18724.36,355762.88,181619.84,17233.45,3697.19,202550.49,153212.39,
TXN-0895,9/28/2025,Beans,South West,Retail,Supermarket,32,64613.73,35920.88,0,0,2067639.43,1149468.12,23509.98,31244.14,1204222.24,863417.19,
TXN-0896,3/15/2025,Poultry Feed,South West,Retail,Supermarket,91,93643.01,41603.13,0,0,8521513.46,3785884.41,291850.47,171347.67,4249082.55,4272430.91,
TXN-0897,9/17/2025,Cassava,South West,Retail,Restaurant,48,47344.96,29939.66,0,0,2272557.87,1437103.75,49374.13,23129.46,1509607.34,762950.53,
TXN-0898,3/8/2025,Maize,North Central,Online,Individual,85,76841.5,47342.13,0,0,6531527.73,4024081.1,127300.62,116777.24,4268158.95,2263368.77,
TXN-0899,4/1/2025,Beans,South South,Distributor,Supermarket,44,81456.75,45220.67,0.02,71681.94,3512415.26,1989709.55,152148.23,113386.54,2255244.32,1257170.95,
TXN-0900,2/2/2025,Tomatoes,North Central,Retail,Retailer,40,45988.03,25009.18,0,0,1839521.08,1000367.26,46983.66,66170.92,1113521.84,725999.24,
TXN-0901,11/3/2025,Cassava,North West,Retail,Restaurant,64,51442.15,28200.12,0.05,164614.88,3127682.69,1804807.78,95112.47,122989.09,2022909.34,1104773.34,
TXN-0902,3/12/2025,Rice,South West,Wholesale,Supermarket,12,91363.69,53431.52,0,0,1096364.29,641178.28,23337.46,18635.51,683151.24,413213.05,
TXN-0903,4/25/2025,Beans,North Central,Wholesale,Individual,71,79015.41,48007.3,0.02,112201.88,5497892.31,3408518.23,219459.07,87460.5,3715437.8,1782454.51,
TXN-0904,11/30/2025,Rice,South East,Wholesale,Supermarket,40,78874.5,50990.98,0,0,3154979.84,2039639.34,124514.67,42298.61,2206452.62,948527.22,
TXN-0905,12/14/2025,Vegetable Oil,North West,Retail,Supermarket,26,43039.81,18299.54,0,0,1119035.01,475787.99,35275.01,41659.99,552722.98,566312.02,
TXN-0906,2/28/2025,Poultry Feed,South West,Wholesale,Distributor,20,110136.16,43053.44,0.05,110136.16,2092586.98,861068.72,49298.83,29908.18,940275.73,1152311.24,
TXN-0907,4/26/2025,Cassava,North West,Distributor,Supermarket,51,60252.46,35756.72,0.02,61457.51,3011418.2,1823592.47,40687.02,90479.32,1954758.81,1056659.38,
TXN-0908,1/16/2025,Beans,North Central,Retail,Individual,24,72051.1,36722.59,0,0,1729226.4,881342.24,26045.28,42017.8,949405.33,779821.08,
TXN-0909,8/20/2025,Tomatoes,North West,Retail,Individual,18,46378.32,21437.65,0,0,834809.73,385877.65,15129.11,18414.7,419421.46,415388.27,
TXN-0910,3/19/2025,Tomatoes,North West,Distributor,Individual,24,49909.42,24878.28,0.02,23956.52,1173869.66,597078.6,27809.7,14692.4,639580.71,534288.96,
TXN-0911,3/11/2025,Vegetable Oil,North Central,Retail,Restaurant,84,53894.86,24637.66,0,0,4527168.48,2069563.4,92736.87,91862.23,2254162.5,2273005.99,
TXN-0912,7/3/2025,Cassava,South East,Wholesale,Distributor,68,56133.75,33967.53,0.05,190854.76,3626240.35,2309791.7,43392.83,98651.82,2451836.36,1174403.99,
TXN-0913,12/22/2025,Maize,North West,Online,Individual,22,59721.94,34383.92,0.1,131388.27,1182494.4,756446.28,42693.41,13999.51,813139.2,369355.2,
TXN-0914,12/8/2025,Rice,South West,Retail,Individual,82,77101.32,44319.89,0,0,6322307.88,3634231.21,208457.5,181202.94,4023891.65,2298416.23,
TXN-0915,9/8/2025,Poultry Feed,South East,Online,Individual,50,94140.8,42037.63,0,0,4707040.01,2101881.32,132181.93,144766.93,2378830.17,2328209.84,
TXN-0916,11/29/2025,Maize,North Central,Retail,Supermarket,63,57518.13,35180.53,0.05,181182.1,3442459.82,2216373.43,57773.22,118841.88,2392988.54,1049471.28,
TXN-0917,12/28/2025,Beans,South South,Online,Individual,62,63690.94,31864.86,0,0,3948838.24,1975621.09,102563.36,61370.54,2139554.99,1809283.25,
TXN-0918,4/5/2025,Vegetable Oil,South South,Retail,Individual,13,52906.28,22637.47,0.05,34389.08,653392.52,294287.13,20313.35,12905.63,327506.11,325886.41,
TXN-0919,5/21/2025,Maize,North West,Retail,Restaurant,52,72655.78,42998.36,0.02,75562.01,3702538.46,2235914.67,119033.39,146592.46,2501540.51,1200997.95,
TXN-0920,11/7/2025,Maize,South East,Online,Restaurant,99,57400.5,36436.05,0.02,113652.98,5568996.16,3607169.32,219414.66,74148.45,3900732.42,1668263.74,
TXN-0921,4/5/2025,Rice,South East,Distributor,Retailer,42,97702.54,53385.51,0.02,82070.13,4021436.6,2242191.4,176525.97,83271.87,2501989.24,1519447.35,
TXN-0922,5/21/2025,Tomatoes,North Central,Retail,Restaurant,56,45115.21,25256.41,0,0,2526451.51,1414358.98,56933.02,60308.53,1531600.53,994850.98,
TXN-0923,11/9/2025,Cassava,South South,Online,Distributor,59,49296.71,31399.54,0.1,290850.6,2617655.4,1852572.58,84485.41,48011.63,1985069.63,632585.77,
TXN-0924,12/15/2025,Vegetable Oil,North Central,Distributor,Distributor,72,42638.77,20541.02,0,0,3069991.38,1478953.7,72560.23,102994.12,1654508.06,1415483.33,
TXN-0925,8/11/2025,Poultry Feed,South West,Distributor,Distributor,29,98042.94,43516.93,0,0,2843245.12,1261991.09,49675,64731.88,1376397.96,1466847.16,
TXN-0926,3/9/2025,Poultry Feed,South West,Retail,Distributor,24,96873.09,42014.95,0.02,46499.08,2278455.02,1008358.9,85430.44,48248.16,1142037.5,1136417.52,
TXN-0927,12/29/2025,Beans,South East,Distributor,Restaurant,15,72049.36,38821.47,0.02,21614.81,1059125.62,582321.99,45996.62,32459.02,660777.63,398347.99,
TXN-0928,9/30/2025,Beans,North West,Distributor,Distributor,8,68037.88,36010.77,0,0,544303.07,288086.15,9043.5,21408.19,318537.84,225765.22,
TXN-0929,6/29/2025,Beans,South South,Online,Individual,65,79218.57,47355.64,0.02,102984.14,5046223.02,3078116.76,157872.65,111366.54,3347355.95,1698867.08,
TXN-0930,11/11/2025,Rice,North Central,Distributor,Retailer,61,83216.03,55782.37,0,0,5076177.82,3402724.55,207205.81,144693.94,3754624.3,1321553.51,
TXN-0931,4/20/2025,Vegetable Oil,North West,Distributor,Supermarket,55,48862.91,23392.62,0,0,2687460.24,1286594.35,120674.92,67802.21,1475071.48,1212388.76,
TXN-0932,6/15/2025,Eggs,North West,Retail,Restaurant,56,41971.9,18132.95,0.05,117521.32,2232905.01,1015445.38,62902.79,70530.22,1148878.38,1084026.63,
TXN-0933,9/3/2025,Eggs,South South,Distributor,Restaurant,69,33565.57,14343,0.1,231602.46,2084422.17,989667.3,42258.04,49367.07,1081292.41,1003129.76,
TXN-0934,11/6/2025,Tomatoes,North West,Wholesale,Individual,30,42860.14,23629.05,0,0,1285804.31,708871.47,14955.7,25009.21,748836.39,536967.92,
TXN-0935,5/23/2025,Poultry Feed,South South,Online,Supermarket,43,112638.56,50080.4,0.02,96869.16,4746588.77,2153457.24,187394.62,72815.57,2413667.43,2332921.33,
TXN-0936,7/13/2025,Vegetable Oil,North West,Online,Supermarket,13,52393.54,23604.04,0,0,681116.02,306852.48,9723.21,20299.69,336875.38,344240.64,
TXN-0937,10/17/2025,Eggs,South East,Distributor,Retailer,17,34526.29,15278.39,0,0,586946.86,259732.61,23593.86,11668.86,294995.33,291951.53,
TXN-0938,4/28/2025,Beans,South South,Retail,Distributor,28,78272.8,39257.74,0,0,2191638.31,1099216.69,83471.99,55660.16,1238348.85,953289.47,
TXN-0939,4/26/2025,Rice,North West,Retail,Individual,38,95038.81,62120.14,0,0,3611474.63,2360565.37,139571.15,50786.6,2550923.11,1060551.51,
TXN-0940,6/1/2025,Maize,North Central,Distributor,Distributor,64,74945.39,43299.23,0,0,4796505.24,2771150.85,136419.05,94859.07,3002428.96,1794076.28,
TXN-0941,12/10/2025,Eggs,South West,Online,Individual,51,40048.7,17714.22,0.02,40849.67,2001633.85,903425.32,91680.17,43612.64,1038718.14,962915.71,
TXN-0942,9/24/2025,Beans,North West,Wholesale,Individual,85,64929.19,37965.61,0,0,5518981.01,3227076.99,114476.28,183772.16,3525325.43,1993655.58,
TXN-0943,6/20/2025,Rice,South West,Retail,Distributor,31,92242.82,55422.24,0,0,2859527.52,1718089.45,138588.77,72471.94,1929150.16,930377.36,
TXN-0944,4/12/2025,Eggs,North West,Wholesale,Retailer,6,42223.43,18992.25,0,0,253340.58,113953.48,3899.27,6303.69,124156.45,129184.14,
TXN-0945,11/27/2025,Beans,South West,Retail,Retailer,53,64868.25,36417.89,0,0,3438017.41,1930148.26,162729.67,68778.81,2161656.74,1276360.67,
TXN-0946,7/7/2025,Rice,South West,Retail,Supermarket,76,82806.37,48405.25,0,0,6293284.46,3678799.02,278265.92,68952.65,4026017.59,2267266.88,
TXN-0947,9/30/2025,Tomatoes,North West,Retail,Restaurant,19,45215.66,23603.56,0,0,859097.62,448467.59,23344.18,19103.37,490915.14,368182.49,
TXN-0948,6/3/2025,Vegetable Oil,South West,Distributor,Supermarket,17,45926.93,24025.94,0.05,39037.89,741719.88,408440.96,34237.25,7765.29,450443.5,291276.38,
TXN-0949,1/10/2025,Cassava,South East,Distributor,Supermarket,16,56515.5,30981.89,0,0,904247.96,495710.2,23988.01,32828.97,552527.18,351720.78,
TXN-0950,4/22/2025,Cassava,South West,Wholesale,Restaurant,71,62809,39728.68,0.02,89188.77,4370249.87,2820736.14,202590.4,167204.64,3190531.19,1179718.69,
TXN-0951,12/21/2025,Beans,South West,Wholesale,Supermarket,87,67004.42,39540.24,0.02,116587.69,5712796.82,3440000.96,178858.9,124400.64,3743260.5,1969536.32,
TXN-0952,11/8/2025,Beans,South East,Wholesale,Supermarket,16,68631.08,37612.5,0,0,1098097.3,601799.93,16266.79,14227.08,632293.81,465803.49,
TXN-0953,6/5/2025,Cassava,North Central,Retail,Supermarket,44,52840,28600.71,0,0,2324959.88,1258431.05,87415.18,46596.98,1392443.21,932516.67,
TXN-0954,12/8/2025,Beans,South East,Distributor,Distributor,22,69783.21,36012.93,0,0,1535230.6,792284.47,48168.51,53699.71,894152.69,641077.91,
TXN-0955,5/4/2025,Cassava,South East,Online,Distributor,51,63599.95,39939.31,0,0,3243597.22,2036904.74,160820.14,57986.34,2255711.22,987885.99,
TXN-0956,8/3/2025,Cassava,South East,Wholesale,Restaurant,83,50462.68,31742.23,0.05,209420.12,3978982.26,2634605.12,129963.75,154063.84,2918632.7,1060349.55,
TXN-0957,1/14/2025,Maize,North Central,Distributor,Distributor,60,64170.15,35129.32,0,0,3850208.96,2107759.15,42154.61,47718.23,2197632,1652576.97,
TXN-0958,2/7/2025,Beans,South East,Distributor,Restaurant,40,78529.34,44594.16,0,0,3141173.61,1783766.38,110127.74,106349.14,2000243.26,1140930.35,
TXN-0959,6/23/2025,Beans,North West,Wholesale,Retailer,73,82004.34,48508.4,0.05,299315.83,5687000.86,3541113.16,79275.57,102102.7,3722491.43,1964509.43,
TXN-0960,5/29/2025,Poultry Feed,South South,Wholesale,Distributor,66,96278.41,37830,0.02,127087.5,6227287.49,2496780.31,103306.72,127912.71,2727999.74,3499287.75,
TXN-0961,10/20/2025,Eggs,North West,Distributor,Retailer,46,36045.6,14630.67,0.05,82904.88,1575192.77,673010.65,39057.76,46398.92,758467.34,816725.43,
TXN-0962,11/4/2025,Tomatoes,North Central,Online,Restaurant,9,42122.92,20154.1,0.05,18955.32,360151,181386.88,14479.05,5849.12,201715.05,158435.94,
TXN-0963,7/26/2025,Vegetable Oil,South East,Distributor,Supermarket,95,51038.17,23641.58,0,0,4848626.35,2245950.33,171190.85,190456.07,2607597.25,2241029.11,
TXN-0964,3/11/2025,Maize,North West,Distributor,Distributor,63,75667.27,45975.31,0,0,4767038.26,2896444.67,238050.87,155272.32,3289767.87,1477270.39,
TXN-0965,2/26/2025,Rice,South West,Online,Supermarket,94,85366.27,56149.63,0,0,8024429.42,5278065.25,306649.62,203792.2,5788507.07,2235922.35,
TXN-0966,12/30/2025,Tomatoes,North Central,Distributor,Restaurant,31,40724.41,21182.4,0.02,25249.14,1237207.64,656654.44,14848.27,14947.77,686450.47,550757.17,
TXN-0967,3/7/2025,Maize,South East,Distributor,Individual,52,72737.96,45134.15,0,0,3782374.03,2346975.93,155528.86,93768.35,2596273.15,1186100.88,
TXN-0968,2/12/2025,Cassava,South West,Online,Distributor,67,52759.81,29951.03,0.02,70698.14,3464209.01,2006719.23,86735.25,90229.42,2183683.9,1280525.11,
TXN-0969,1/7/2025,Cassava,South South,Retail,Restaurant,75,51375.55,31059.87,0.02,77063.33,3776103.26,2329489.97,51995.48,109556.2,2491041.65,1285061.61,
TXN-0970,9/6/2025,Poultry Feed,South East,Wholesale,Individual,92,90655.53,36821.2,0,0,8340308.9,3387550.62,364143.13,86162.51,3837856.26,4502452.63,
TXN-0971,5/18/2025,Poultry Feed,North Central,Retail,Retailer,25,94557.84,40161.43,0,0,2363946.06,1004035.65,89991.99,27372.75,1121400.39,1242545.67,
TXN-0972,5/15/2025,Rice,North West,Retail,Supermarket,6,88424.14,54607.92,0,0,530544.85,327647.51,24921.91,14044.85,366614.26,163930.59,
TXN-0973,2/1/2025,Poultry Feed,North West,Online,Distributor,64,96535.61,43209.82,0,0,6178278.95,2765428.34,266572.26,214303.75,3246304.35,2931974.6,
TXN-0974,2/26/2025,Poultry Feed,South West,Online,Distributor,90,105233.23,41128.93,0,0,9470990.57,3701603.37,365669.97,143348.58,4210621.92,5260368.65,
TXN-0975,7/10/2025,Maize,North Central,Wholesale,Individual,17,60379.41,38295.35,0.02,20529,1005920.98,651020.93,23063.52,19676.74,693761.18,312159.8,
TXN-0976,9/21/2025,Cassava,South West,Retail,Supermarket,64,47837.06,29508.91,0.05,153078.59,2908493.13,1888570.19,64554.51,115482.52,2068607.22,839885.91,
TXN-0977,8/22/2025,Maize,South West,Wholesale,Individual,72,63119.42,34299.58,0.02,90891.96,4453706.08,2469570,173084.65,82268.47,2724923.12,1728782.96,
TXN-0978,1/23/2025,Beans,North West,Distributor,Retailer,64,79461.98,47139.25,0.1,508556.68,4577010.13,3016911.84,206926.95,84208.38,3308047.18,1268962.96,
TXN-0979,6/24/2025,Beans,South West,Retail,Retailer,81,80166.25,40556.47,0,0,6493466.47,3285074.28,65636.28,149207.13,3499917.69,2993548.78,
TXN-0980,10/23/2025,Beans,South West,Retail,Distributor,49,63314.57,36248.8,0,0,3102414.04,1776191.12,92491.36,70830.45,1939512.93,1162901.11,
TXN-0981,4/28/2025,Poultry Feed,North Central,Wholesale,Restaurant,58,105818.45,48194.12,0,0,6137469.95,2795258.7,175206.55,77673.79,3048139.05,3089330.9,
TXN-0982,3/6/2025,Maize,North West,Retail,Supermarket,81,65916.03,36206.53,0.05,266959.93,5072238.64,2932729.03,95102.51,87694.21,3115525.75,1956712.89,
TXN-0983,10/31/2025,Beans,North West,Retail,Individual,17,69027.3,42002.99,0.02,23469.28,1149994.78,714050.76,14938.24,27393.51,756382.51,393612.27,
TXN-0984,2/13/2025,Cassava,North Central,Online,Retailer,38,53519.46,34852.44,0,0,2033739.48,1324392.62,89054.13,45863.88,1459310.63,574428.85,
TXN-0985,3/16/2025,Tomatoes,South West,Distributor,Supermarket,97,46065.31,22902.59,0,0,4468334.9,2221551.66,128520.1,89474.35,2439546.11,2028788.79,
TXN-0986,8/3/2025,Poultry Feed,North West,Wholesale,Individual,44,85691.62,37245.37,0,0,3770431.23,1638796.25,84454.66,143187,1866437.91,1903993.31,
TXN-0987,4/3/2025,Beans,South West,Retail,Restaurant,9,83767.63,50380.21,0.05,37695.43,716213.21,453421.93,23840.75,12508.3,489770.98,226442.23,
TXN-0988,4/1/2025,Vegetable Oil,North West,Distributor,Restaurant,44,52768.84,24024.67,0.05,116091.46,2205737.69,1057085.27,35810.65,35718.3,1128614.22,1077123.47,
TXN-0989,9/29/2025,Cassava,North West,Distributor,Retailer,34,47614.97,26530.5,0,0,1618908.87,902037.04,51650.44,23207.8,976895.28,642013.6,
TXN-0990,1/18/2025,Beans,North West,Retail,Supermarket,72,71360.96,42120.93,0,0,5137988.89,3032706.69,77655.51,165287.88,3275650.08,1862338.81,
TXN-0991,12/24/2025,Rice,North West,Wholesale,Restaurant,25,80671.65,46676.29,0,0,2016791.13,1166907.17,21714.62,66906.92,1255528.71,761262.42,
TXN-0992,4/28/2025,Beans,North Central,Distributor,Distributor,83,84195.87,46610.86,0,0,6988257.26,3868701.54,275960.04,216575.82,4361237.4,2627019.87,
TXN-0993,9/2/2025,Eggs,South South,Retail,Retailer,38,38622.83,17924.93,0.05,73383.37,1394284.01,681147.31,54227.12,21909.37,757283.81,637000.2,
TXN-0994,4/4/2025,Beans,North Central,Wholesale,Distributor,7,80289.39,47509.28,0,0,562025.75,332564.94,10870.52,22388.73,365824.19,196201.56,
TXN-0995,10/2/2025,Eggs,South South,Distributor,Restaurant,79,38549.78,16317.36,0.05,152271.64,2893161.23,1289071.16,135198.37,81269.23,1505538.77,1387622.47,
TXN-0996,6/27/2025,Eggs,South East,Retail,Restaurant,70,37403.01,16205.32,0.02,52364.21,2565846.26,1134372.06,105958.76,66513.2,1306844.02,1259002.24,
TXN-0997,8/9/2025,Poultry Feed,North Central,Retail,Individual,52,88005.93,36751.02,0.02,91526.17,4484782.44,1911053.06,214363.17,71160.58,2196576.81,2288205.64,
TXN-0998,11/18/2025,Maize,North West,Wholesale,Individual,7,56131.87,30837.43,0.02,7858.46,385064.63,215862,4582.54,6383.93,226828.47,158236.16,
TXN-0999,4/3/2025,Cassava,South West,Wholesale,Supermarket,81,62364.45,36420.86,0,0,5051520.07,2950089.91,78960.99,128294.25,3157345.14,1894174.93,
TXN-1000,3/12/2025,Tomatoes,South West,Retail,Distributor,85,44986.79,25292.11,0,0,3823876.75,2149829.31,185435.1,91278.49,2426542.91,1397333.85,
